Site,UniqueID,Site list,MPS Owned,Street Address,Site2,Program,NCES School ID,State School ID,DPI School Code,Board District,Region,Geographic Region,Zip Code,Latitude,Longitude,Location Data,School Type,Charter,Low Grade,High Grade,Grade Range,Grouped School Levels,School Grade Type,Distance to Underutilized School,Distance to Overutilized School,Availability at Nearby Schools,School with Complementary Grades,School with Same Grades,There is a non-MPS public school within 1 mile,Capacity for Growth,School Structure Data,Construction Year,Square Feet,FCI,FCI Cost,FCI Cost/Sq Ft,Cafeteria Area,Gym Area,Combined Gym & Cafeteria Information,Total Gym and Cafeteria Area,AC Rooms,Percentage with AC,Percentage Ventilated,% of Space with AC,Building Data,Art Rooms,Science Rooms,Music Rooms,Availability of Specialty Rooms,Specialty Room Data,Are Special Programs offers,CTE Pathways,PLTW,GT,AP,IB,ESL,Bilingual,Language Immersion,QTY (MATC and UWM),Location (MATC and UWM),College Support Programs,Community Schools,Montessori,Arts Focus,Programmatic Offerings,AU,EB,ID,SC,EC,OI,VI,HI,Special Education,Site,UniqueID,Site list,Capacity,Current Utilization,Grade Range,2014-2015,2015-2016,2016-2017,2017-2018,2018-2019,2019-2020,2020-2021,2021-2022,2022-2023,2023-2024,2024-2025,2025-2026,2026-2027,2027-2028,2028-2029,2029-2030,2030-2031,2031-2032,2032-2033,2033-2034,Enrollment Data,5-year Historic Change,5-year Historic Change Percentage,5-year Historic Average Yearly Change,10-year Projected Change,10-year Projected Change Percentage,10-year Projected Average Yearly Change,Percent Students Attending from attendance Area,Percent Economically disadvantaged Students
3,0929873c,MacDowell Montessori,MPS Owned,6415 W Mount Vernon Ave,3,64,5.5096E+11,WI-3619-0870,870,7,High School,Central,53213,43.0336294,-87.992827,,Traditional,No,PK,12,PK - 12,High School,Elementary School,0,2,No,No,No,No,N/A,,1933,"225,410",0.043,"$3,050,996 ",$13.54 ,5777,8468,0,14245,0.069821935,0.039039652,0.777755602,0-25%,,Yes,Yes,Yes,Yes,,Yes,0,0,0,0,2,0,0,0,0,0,0.4,0,2,0,4.4,0,4,0,0,2,0,0,0,6,3,0929873c,MacDowell Montessori,881,97.62%,PK - 12,665,694,727,774,823,862,880,866,854,860,875,898,914,926,947,941,944,949,930,931,,37,4%,1%,71,9%,1%,13%,63%
6,d62a3955,Lincoln Center Arts MS,MPS Owned,820 E Knapp St,6,6,5.5096E+11,WI-3619-0006,6,5,"Citywide (K8, MS)",East,53202,43.0477372,-87.9015276,,Traditional,No,6,8,8-Jun,Middle School,Middle School,1,1,No,No,No,Yes,N/A,,1928,"221,154",0.065,"$3,716,432 ",$16.80 ,5456,9572,0,15028,0.032630355,0.021344638,0.675005578,0-25%,,Yes,Yes,Yes,Yes,,Yes,0,0,0,0,0,1,2,0,0,0,0,0,0,2,5,0,4,0,0,0,0,2,0,6,6,d62a3955,Lincoln Center Arts MS,951,32.39%,8-Jun,646,684,702,663,648,621,517,397,374,308,294,278,295,294,289,293,292,291,292,292,,-340,-52%,-14%,-16,-3%,0%,0%,90%
8,5996ad9b,Marshall HS,MPS Owned,4141 N 64th St,8,8,5.5096E+11,WI-3619-0008,8,2,High School,Northwest,53216,43.0934216,-87.9933138,,Traditional,No,9,12,12-Sep,High School,High School,1,0,No,No,No,Yes,N/A,,1961,"358,985",0.062,"$5,587,733 ",$15.57 ,1965,17610,0,19575,0.04467486,0.030488566,0.916563314,0-25%,,Yes,Yes,Yes,Yes,,Yes,4,1,0,1,0,0,0,0,1,MATC,0.8,0,0,0,7.8,6,2,6,0,0,2,0,0,16,8,5996ad9b,Marshall HS,1617,42.80%,12-Sep,0,0,876,801,865,1049,1203,1010,798,692,712,686,687,707,693,695,698,695,696,697,,-173,-20%,-3%,5,1%,0%,24%,78%
12,dd53b1de,Bay View HS,MPS Owned,2751 S Lenox St,12,12,5.5096E+11,WI-3619-0012,12,8,High School,East,53207,42.994333,-87.898797,,Traditional,No,9,12,12-Sep,High School,High School,0,1,No,No,No,Yes,N/A,,1923,"295,435",0.061,"$5,341,938 ",$18.08 ,4704,26496,0,31200,0.329861133,0.296560851,0.750149187,25-50%,,Yes,Yes,Yes,Yes,,Yes,3,0,0,1,0,1,0,0,1,UWM,1,0,0,0,7,0,4,6,0,0,0,0,0,10,12,dd53b1de,Bay View HS,1396,68.48%,12-Sep,840,880,820,920,938,913,917,904,945,956,988,1000,991,992,994,992,993,993,993,993,,18,2%,0%,37,4%,0%,7%,81%
14,137a50d5,Bradley Tech HS,MPS Owned,700 S Fourth St,14,14,5.5096E+11,WI-3619-0014,14,6,High School,Southwest,53204,43.0242399,-87.9146972,,Traditional,No,9,12,12-Sep,High School,High School,0,1,No,No,No,No,N,,2000,"277,410",0.009,"$625,383 ",$2.25 ,12702,14700,0,27402,1,1,0.875405024,1,,Yes,Yes,,Check classroom availability,,Yes,3,1,0,1,0,1,0,0,1,MATC & UWM,1.4,1,0,0,9.4,0,6,2,0,0,0,0,0,8,14,137a50d5,Bradley Tech HS,891,112.12%,12-Sep,910,856,846,909,1001,1031,1003,1035,949,999,1019,995,985,993,985,988,989,987,988,988,,-2,0%,0%,-11,-1%,0%,0%,86%
16,ec297904,Obama SCTE,MPS Owned,5075 N Sherman Blvd,16,840,5.5096E+11,WI-3619-0840,840,3,High School,Northwest,53209,43.1090479,-87.9682611,,Traditional,No,PK,12,PK - 12,High School,High School,4,0,No,No,Yes,No,N/A,,1955,"306,065",0.035,"$2,737,311 ",$8.94 ,6051,11132,0,17183,0,0,0.701485278,0-25%,,Yes,Yes,,Check classroom availability,,Yes,2,1,0,0,0,0,0,0,0,0,0.8,0,0,0,3.8,0,4,2,0,0,0,0,0,6,16,ec297904,Obama SCTE,1771,69.23%,PK - 12,696,688,682,730,664,641,639,1965,1402,1226,1531,1386,1381,1433,1400,1405,1413,1406,1408,1409,,562,85%,33%,183,28%,2%,15%,82%
18,5f42d7f6,Hamilton HS,MPS Owned,6215 W Warnimont Ave,18,18,5.5096E+11,WI-3619-0018,18,7,High School,Southwest,53220,42.9783686,-87.9902795,,Traditional,No,9,12,12-Sep,High School,High School,0,2,No,No,No,NA,N/A,,1966,"380,573",0.031,"$3,221,028 ",$8.46 ,7579,18072,0,25651,1,1,0.886800796,1,,Yes,Yes,Yes,Yes,,Yes,4,1,0,1,0,1,2,0,1,MATC & UWM,1.4,0,0,0,11.4,2,6,6,0,0,4,0,0,18,18,5f42d7f6,Hamilton HS,1883,78.86%,12-Sep,1694,1734,1816,1561,1545,1491,1359,1360,1439,1485,1542,1547,1566,1554,1560,1560,1558,1559,1559,1559,,-60,-4%,-1%,74,5%,0%,15%,79%
20,667bfd17,King IB HS,MPS Owned,1801 W Olive St,20,20,5.5096E+11,WI-3619-0020,20,3,High School,East,53209,43.0935207,-87.9336526,,Traditional,No,9,12,12-Sep,High School,High School,3,0,No,No,No,Yes,N,,1933,"279,232",0.034,"$2,538,350 ",$9.09 ,11104,8840,0,19944,0.079993668,0.069205426,0.995188683,0-25%,,Yes,Yes,Yes,Yes,,Yes,0,0,0,0,2,0,0,0,1,UWM,0.8,0,0,0,3.8,4,2,0,0,0,0,2,10,18,20,667bfd17,King IB HS,1164,115.03%,12-Sep,1479,1464,1529,1520,1546,1477,1443,1334,1283,1339,1301,1322,1313,1315,1315,1314,1315,1315,1315,1315,,-207,-13%,-3%,-24,-2%,0%,0%,67%
22,b7efe5b7,Madison HS,MPS Owned,8135 W Florist Ave,22,69,5.5096E+11,WI-3619-0409,409,1,High School,Northwest,53218,43.1261846,-88.0132489,,Traditional,No,9,12,12-Sep,High School,High School,3,0,No,No,Yes,Yes,N/A,,1966,"302,797",0.1,"$7,913,330 ",$26.13 ,10416,14852,0,25268,0.102896395,0.080757284,0.857705139,0-25%,,Yes,Yes,Yes,Yes,,Yes,2,0,0,1,0,0,0,0,0,0,0.8,1,0,0,4.8,0,4,2,0,0,0,0,0,6,22,b7efe5b7,Madison HS,1618,36.77%,12-Sep,892,733,702,779,779,674,699,648,686,595,616,624,621,628,627,625,627,626,626,627,,-184,-24%,-5%,32,4%,1%,29%,86%
24,f34d50f2,North Div HS,MPS Owned,1011 W Center St,24,25,5.5096E+11,WI-3619-0419,419,4,High School,Central,53206,43.0665904,-87.9251768,,Traditional,No,9,12,12-Sep,High School,High School,8,1,No,Yes,Yes,Yes,N/A,,1978,"394,827",0.035,"$4,803,072 ",$12.17 ,9221,34160,0,43381,1,1,No Data,1,,Yes,Yes,Yes,Yes,,Yes,3,0,0,1,0,0,0,0,0,0,0.8,1,0,0,5.8,0,6,2,0,0,0,0,0,8,24,f34d50f2,North Div HS,819,47.50%,12-Sep,532,490,400,355,348,357,389,381,366,389,401,390,398,399,397,398,398,398,398,398,,41,12%,2%,9,3%,0%,33%,80%
26,95bbd0b8,Pulaski High,MPS Owned,2500 W Oklahoma Ave,26,26,5.5096E+11,WI-3619-0026,26,7,High School,Southwest,53215,42.9903306,-87.9457434,,Traditional,No,9,12,12-Sep,High School,High School,1,4,No,No,Yes,No,Yes,,1938,NA,0.041,"$7,614,097 ",$ -,9768,13754,0,23522,0.075239383,0.035972342,0.924073409,0-25%,,Yes,Yes,Yes,Yes,,Yes,1,0,0,1,2,1,2,0,1,MATC & UWM,1.2,0,0,0,9.2,0,6,4,0,0,0,0,0,10,26,95bbd0b8,Pulaski High,2000,47.25%,12-Sep,1164,947,851,966,841,859,965,923,921,945,942,939,931,937,933,934,935,934,934,934,,104,12%,3%,-11,-1%,0%,26%,80%
26,c8515b7f,Carmen HS South Campus,Leased Out,5496 N 72nd St,26,678,5.5096E+11,WI-3619-0451,451,7,Contracted,Southwest,53218,42.9910174,-87.9457434,,Non-Instrumentality,Yes,9,12,12-Sep,High School,Unknown,0,4,No,No,Yes,No,N/A,,1938,-,0.04,"$2,926,143 ",$ -,NA,NA,NA,0,0.054554364,0.028161302,0.976690209,0-25%,,Not found,Not found,Not found,No,,Yes,0,0,0,0,0,0,0,0,1,0,0.6,0,0,0,1.6,0,0,0,0,0,0,0,0,0,26,c8515b7f,Carmen HS South Campus,0,NA,12-Sep,348,366,358,365,396,368,409,378,387,399,397,398,400,395,397,398,397,397,397,397,,3,1%,0%,-2,-1%,0%,N/A,81%
28,3f607ef5,Alliance HS,MPS Owned,850 W Walnut St,28,42,5.5096E+11,WI-3619-0413,413,5,High School,East,53205,43.0538795,-87.9223722,,Instrumentality,Yes,9,12,12-Sep,High School,High School,5,1,No,Yes,Yes,No,N,,1925,"38,200",0.042,"$413,452 ",$10.82 ,0,0,5040,5040,0,0,0.902784979,0-25%,,Yes,Yes,Yes,Yes,,Yes,0,0,0,1,0,0,0,0,0,0,0.2,0,0,0,1.2,0,2,0,0,0,0,0,0,2,28,3f607ef5,Alliance HS,142,109.15%,12-Sep,178,203,200,203,203,188,160,147,145,155,153,158,159,157,158,158,158,158,158,158,,-48,-24%,-5%,3,1%,0%,0%,77%
29,ad8f3d0a,Riverside HS,MPS Owned,1615 E Locust St,29,29,5.5096E+11,WI-3619-0029,29,5,High School,East,53211,43.0703469,-87.8898736,,Traditional,No,9,12,12-Sep,High School,High School,0,2,No,No,No,Yes,N/A,,1912,"359,322",0.044,"$4,135,778 ",$11.51 ,6820,21008,0,27828,0.028731574,0.016465996,0.871039599,0-25%,,Yes,Yes,Yes,Yes,,Yes,2,1,0,1,0,1,2,0,1,MATC & UWM,1.4,0,0,0,9.4,0,4,10,0,0,4,0,0,18,29,ad8f3d0a,Riverside HS,1346,86.33%,12-Sep,1598,1524,1495,1512,1496,1501,1469,1323,1229,1162,1173,1184,1198,1197,1197,1197,1197,1197,1197,1197,,-334,-22%,-5%,35,2%,0%,7%,82%
32,e2c6b717,South Div HS,MPS Owned,1515 W Lapham Blvd,32,32,5.5096E+11,WI-3619-0032,32,6,High School,Southwest,53204,43.013306,-87.9306892,,Traditional,No,9,12,12-Sep,High School,High School,1,4,No,No,Yes,No,N/A,,1977,"391,389",0.06,"$5,109,583 ",$13.05 ,8132,30080,0,38212,1,1,0.927010621,1,,Yes,Yes,Yes,Yes,,Yes,2,0,0,1,0,1,2,0,1,MATC & UWM,1.4,1,0,0,9.4,2,4,6,0,0,0,0,0,12,32,e2c6b717,South Div HS,1478,56.97%,12-Sep,1388,1354,1229,1016,934,815,840,840,807,842,867,862,864,859,855,859,858,858,858,858,,-92,-10%,-2%,16,2%,0%,42%,87%
32,ce3d9be1,South Accelerated Academy,MPS Owned,1515 W Lapham Blvd,32,32,5.5096E+11,WI-3619-0442,442,6,High School,Southwest,53204,43.0139928,-87.9306892,,Traditional,No,9,12,12-Sep,High School,Alternative,0,4,No,No,Yes,No,N/A,,1977,NA,N/A,$ -,$ -,NA,NA,NA,0,NA,NA,NA,NA,,Not found,Not found,Not found,No,,Yes,0,0,0,0,0,0,0,0,0,0,0.2,0,0,0,0.2,0,0,0,0,0,0,0,0,0,32,ce3d9be1,South Accelerated Academy,NA,NA,12-Sep,0,0,0,68,61,36,4,23,27,48,83,75,75,79,76,77,77,77,77,77,,-13,-21%,88%,29,47%,7%,0%,90%
33,833a947e,Vincent HS,MPS Owned,7501 N Granville Rd,33,33,5.5096E+11,WI-3619-0033,448,1,High School,Northwest,53224,43.1557954,-88.0311117,,Traditional,No,9,12,12-Sep,High School,Alternative,2,4,No,No,Yes,NA,N/A,,1979,"431,769",0.031,-,$ -,10962,39181,0,50143,1,1,0.990074879,1,,Yes,Yes,Yes,Yes,,Yes,0,0,0,0,0,0,0,0,0,0,0.2,0,0,0,0.2,0,0,0,0,0,0,0,0,0,33,833a947e,Vincent HS,1458,48.56%,12-Sep,1409,1193,991,820,778,764,744,725,685,708,763,784,774,787,782,781,783,782,782,783,,-70,-9%,-2%,75,10%,1%,22%,89%
35,d672a94c,WHS-lnformation Technology,MPS Owned,2525 N Sherman Blvd,35,39,5.5096E+11,WI-3619-0424,424,4,High School,Central,53210,43.0650924,-87.968258,,Traditional,No,9,12,12-Sep,High School,High School,5,0,No,No,Yes,Yes,N/A,,1916,"450,331",0,$ -,$ -,11684,16130,0,27814,0.058278776,0.03377283,0.872662833,0-25%,,Yes,Yes,Yes,Yes,,Yes,2,0,0,1,0,0,0,0,1,MATC,1,1,0,0,6,0,4,2,0,0,0,0,0,6,35,d672a94c,WHS-lnformation Technology,1294,29.29%,12-Sep,728,689,662,620,632,606,584,500,417,379,392,374,361,372,366,366,368,367,367,367,,-253,-40%,-10%,-12,-2%,0%,49%,84%
38,adf4139c,Milw HS - Arts,MPS Owned,2300 W Highland Ave,38,38,5.5096E+11,WI-3619-0038,38,4,High School,Central,53233,43.045207,-87.9419052,,Traditional,No,9,12,12-Sep,High School,High School,4,1,No,No,Yes,Yes,N,,1958,"285,613",0.136,"$10,817,719 ",$37.88 ,5531,10696,0,16227,0,0,No Data,0-25%,,Yes,Yes,Yes,Yes,,Yes,1,1,0,1,0,1,0,0,1,MATC & UWM,1.2,0,0,2,8.2,2,2,4,0,0,0,0,0,8,38,adf4139c,Milw HS - Arts,870,113.22%,12-Sep,927,914,916,874,884,937,984,993,989,985,1024,1070,1059,1059,1062,1060,1060,1061,1060,1060,,101,11%,2%,75,9%,1%,0%,77%
41,018d637e,Audubon MS,MPS Owned,3300 S 39th St,41,41,5.5096E+11,WI-3619-0041,41,7,High School,Southwest,53215,42.9856329,-87.9621353,,Traditional,No,6,8,8-Jun,Middle School,Middle School,1,3,No,No,No,Yes,N/A,,1959,-,0.074,"$2,895,347 ",$ -,5873,7056,0,12929,0.02083115,0.015829698,0.938099903,0-25%,,Not found,Not found,Not found,No,,Yes,0,1,0,0,0,0,2,0,0,0,0,0,0,0,3,2,2,2,0,0,0,0,0,6,41,018d637F,Audubon MS/HS Combined,626,127.64%,12-Jun,980,1003,950,960,915,891,861,827,852,799,787,817,814,806,811,810,809,810,810,810,,-116,-13%,-3%,11,1%,0%,0%,80%
41,942880df,Audubon HS,MPS Owned,3300 S 39th St,41,90,5.5096E+11,WI-3619-0434,434,7,High School,Southwest,53215,42.9842593,-87.9621353,,Traditional,No,9,12,12-Sep,High School,High School,1,3,No,No,Yes,Yes,N/A,,1959,-,0.07,"$2,895,347 ",$ -,5873,7056,0,12929,0.02083115,0.015829698,0.938099903,0-25%,,Yes,Yes,Yes,Yes,,Yes,1,0,0,1,0,1,0,0,1,UWM,0.8,0,0,0,4.8,2,0,4,0,0,0,0,0,6,41,942880df,Audubon HS,626,68.85%,12-Sep,355,365,371,378,387,374,399,385,427,431,429,441,447,438,441,442,440,441,441,441,,44,11%,2%,10,3%,0%,11%,76%
44,82225c09,Wedgewood MS,MPS Owned,6506 W Warnimont Ave,44,85,5.5096E+11,WI-3619-0204,204,7,"Citywide (K8, MS)",Southwest,53220,42.9793603,-87.9951285,,Traditional,No,6,8,8-Jun,Middle School,Middle School,0,3,No,No,No,Yes,N/A,,1959,"138,600",0.05,"$586,160 ",$4.23 ,5454,7256,0,12710,0.061879335,0.038995369,0.94025391,0-25%,,Yes,Yes,Yes,Yes,,Yes,0,1,0,0,2,0,2,0,0,0,0,0,0,0,5,0,2,2,0,0,0,0,0,4,44,82225c09,Wedgewood MS,840,65.71%,8-Jun,882,913,922,912,907,891,836,754,656,552,528,519,536,527,528,530,528,529,529,529,,-355,-39%,-9%,-23,-3%,0%,16%,71%
45,e1a08603,Morse MS,MPS Owned,6700 N 80th St,45,52,5.5096E+11,WI-3619-0052,52,1,"Citywide (K8, MS)",Northwest,53223,43.1396047,-88.0097382,,Traditional,No,6,8,8-Jun,Middle School,Middle School,1,1,No,Yes,No,Yes,N/A,,1967,"185,914",0.132,"$5,727,095 ",$30.81 ,5539,10800,0,16339,0,0,0.901705385,0-25%,,Yes,Yes,Yes,Yes,,Yes,0,0,1,0,0,0,0,0,0,0,0,0,0,0,1,2,0,0,0,0,0,0,0,2,45,e1a08603,Morse MS,1012,41.11%,8-Jun,367,316,290,306,395,430,507,462,445,416,393,405,403,402,404,403,403,403,403,403,,21,5%,2%,-13,-3%,0%,56%,87%
46,c62fc3a1,Project Stay,MPS Owned,609 N 8th St,46,458,5.5096E+11,WI-3619-0458,458,4,High School,East,53233,43.0377987,-87.922219,,Traditional,No,9,12,12-Sep,High School,Alternative,1,1,No,No,Yes,NA,N/A,,1884,"43,830",0.02,"$183,244 ",$4.18 ,900,0,0,900,0.218398516,0.185486844,1,0-25%,,Yes,Yes,No,No,,No,0,0,0,0,0,0,0,0,0,0,0,0,0,0,0,0,0,0,0,0,0,0,0,0,46,c62fc3a1,Project Stay,156,50.00%,12-Sep,201,206,236,252,203,246,137,112,101,78,41,20,24,24,20,23,22,22,22,22,,-125,-62%,-15%,-56,-28%,-8%,0%,81%
48,92cbd0b9,King IB MS,MPS Owned,121 E Hadley St,48,21,5.5096E+11,WI-3619-0210,210,5,"Citywide (K8, MS)",Central,53212,43.0689002,-87.9103418,,Traditional,No,6,8,8-Jun,Middle School,Middle School,5,1,No,Yes,No,Yes,N/A,,1961,"149,450",0.032,"$1,107,025 ",$7.41 ,6016,10454,0,16470,1,1,0.855765458,1,,Yes,Yes,Yes,Yes,,Yes,0,0,0,0,2,0,0,0,0,0,0,0,0,0,2,0,6,0,0,0,0,0,0,6,48,92cbd0b9,King IB MS,779,26.96%,8-Jun,394,370,399,483,440,383,414,328,271,210,203,186,196,192,191,193,192,192,192,192,,-230,-52%,-13%,-18,-4%,-1%,0%,92%
49,321f6d86,Milw Parkside,MPS Owned,2969 S Howell Ave,49,362,5.5096E+11,WI-3619-0362,362,8,East,East,53207,42.9911218,-87.9051302,,Traditional,No,PK,8,PK - 08,K-8,Elementary School,0,1,No,No,Yes,Yes,N/A,,1963,"172,109",0.139,"$5,559,646 ",$32.30 ,5750,7186,0,12936,0.045895835,0.037560775,0.895632296,0-25%,,Yes,Yes,Yes,Yes,,Yes,0,1,0,0,0,1,0,0,0,0,0,0,0,2,4,4,0,0,0,2,0,0,0,6,49,321f6d86,Milw Parkside,1039,82.10%,PK - 08,761,768,791,805,812,853,852,811,838,853,862,875,871,853,832,814,795,785,769,757,,41,5%,1%,-96,-12%,-1%,6%,72%
50,f7389d24,Hayes Bilingual,MPS Owned,971 W Windlake Ave,50,214,5.5096E+11,WI-3619-0214,214,6,Southwest,Southwest,53204,43.0078521,-87.9235215,,Traditional,No,PK,8,PK - 08,K-8,Elementary School,1,1,No,No,Yes,Yes,N/A,,1927,"127,309",0.087,"$2,698,821 ",$21.20 ,4259,5009,3648,12916,0.124548824,0.077483192,0.701888035,0-25%,,Yes,No,Yes,Yes,,Yes,0,1,0,0,0,0,2,0,0,0,0,0,0,0,3,0,0,2,0,4,0,0,0,6,50,f7389d24,Hayes Bilingual,678,94.10%,PK - 08,586,614,625,609,667,626,624,647,664,638,637,643,640,633,618,616,610,609,617,617,,-29,-4%,-1%,-21,-3%,0%,0%,22%
51,22a7664f,Milw Academy of Chinese Languages (MACL),MPS Owned,2430 W Wisconsin Ave,51,82,5.5096E+11,WI-3619-0103,103,4,East,East,53233,43.040008,-87.9438197,,Traditional,No,PK,8,PK - 08,K-8,Elementary School,1,1,No,No,Yes,Yes,N/A,,1991,"102,013",0.053,"$1,789,733 ",$17.54 ,4306,3448,0,7754,1,1,0.850315134,1,,Yes,Yes,Yes,Yes,,Yes,0,0,0,0,0,1,0,0,0,0,0,0,0,0,1,0,0,0,0,0,0,0,0,0,51,22a7664f,Milw Academy of Chinese Languages (MACL),840,58.45%,PK - 08,413,444,435,493,441,471,456,481,475,491,509,522,529,541,541,566,576,567,571,570,,50,11%,2%,79,18%,2%,0%,83%
53,b9d2b964,Carmen Northwest - Leased,Leased Out,5496 N 72nd St,53,673,5.5096E+11,WI-3619-0444,444,2,Contracted,Northwest,53218,43.118256,-88.0002295,,Non-Instrumentality,Yes,6,12,12-Jun,High School,Non Instrumentality,1,0,No,No,Yes,No,N/A,,1959,"178,123",0.071,"$3,021,143 ",$16.96 ,7560,6100,0,13660,NA,NA,NA,NA,,Yes,Yes,Yes,Yes,,Yes,0,0,0,1,0,0,0,0,0,0,0.4,0,0,0,1.4,0,0,0,0,0,0,0,0,0,53,b9d2b964,Carmen Northwest - Leased,1113,52.65%,12-Jun,355,507,630,653,666,670,711,675,615,586,584,605,576,582,582,565,578,575,573,575,,-80,-12%,-2%,-11,-2%,0%,N/A,83%
55,058e86b3,Andrew Douglas MS,MPS Owned,3620 N 18th St,55,124,5.5096E+11,WI-3619-0215,215,4,"Citywide (K8, MS)",Central,53206,43.0838616,-87.9327152,,Traditional,No,6,8,8-Jun,Middle School,Middle School,6,1,No,Yes,No,Yes,N/A,,1968,"218,300",0.05,"$2,352,517 ",$10.78 ,4635,10524,0,15159,0.014717363,0.010600901,0.930658155,0-25%,,Yes,Yes,Yes,Yes,,No,0,0,0,0,0,0,0,0,0,0,0,0,0,0,0,0,2,0,0,0,0,0,0,2,55,058e86b3,Andrew Douglas MS,1197,8.86%,8-Jun,0,0,0,0,0,243,309,219,167,106,95,98,100,99,99,99,99,99,99,99,,106,,-12%,-7,,-1%,0%,80%
59,3ace0101,Roosevelt Arts MS,MPS Owned,800 W Walnut St,59,59,5.5096E+11,WI-3619-0059,59,5,"Citywide (K8, MS)",East,53205,43.0536395,-87.9216827,,Traditional,No,6,8,8-Jun,Middle School,Middle School,5,2,No,Yes,No,Yes,N/A,,1926,"175,372",0.104,"$2,257,883 ",$12.87 ,4376,6155,0,10531,0.066150771,0.057690757,0.850414445,0-25%,,Yes,Yes,Yes,Yes,,Yes,0,0,0,0,0,0,0,0,0,0,0,0,0,2,2,0,4,0,0,0,0,0,0,4,59,3ace0101,Roosevelt Arts MS,931,24.17%,8-Jun,542,432,341,385,345,371,344,308,309,225,214,196,218,213,209,214,212,212,212,212,,-120,-35%,-7%,-13,-4%,0%,0%,94%
60,05efd46d,Reagan HS,MPS Owned,4965 S 20th St,60,7,5.5096E+11,WI-3619-0435,435,8,High School,Southwest,53221,42.9537759,-87.9400636,,Traditional,No,9,12,12-Sep,High School,High School,0,2,No,No,No,Yes,Yes,,1964,"182,959",0.095,"$4,510,433 ",$24.65 ,5037,10800,0,15837,0.002049098,0.001189768,0.840208411,0-25%,,Yes,Yes,Yes,Yes,,Yes,3,0,0,0,2,0,0,0,1,MATC & UWM,0.8,0,0,0,6.8,0,2,2,0,0,0,0,0,4,60,05efd46d,Reagan HS,891,151.40%,12-Sep,1266,1311,1304,1336,1352,1346,1384,1344,1343,1349,1367,1351,1345,1357,1351,1351,1353,1352,1352,1352,,-3,0%,0%,3,0%,0%,0%,54%
61,9df9276c,WCLL,MPS Owned,1017 N 12th St,61,399,5.5096E+11,WI-3619-0399,399,4,High School,East,53233,43.0437537,-87.9280988,,Traditional,No,PK,12,PK - 12,K-12,K-12,2,3,No,Yes,Yes,Yes,N/A,,1991,"81,263",0.033,"$1,188,105 ",$14.62 ,4462,6874,0,11336,1,1,No Data,1,,Yes,Yes,Yes,Unknown school type,,Yes,0,0,0,1,0,0,0,0,0,0,0.2,0,0,0,1.2,0,2,2,0,0,0,0,0,4,61,9df9276c,WCLL,832,51.80%,PK - 12,702,635,549,631,625,408,444,376,422,431,411,397,407,384,403,398,411,420,442,435,,-194,-31%,-5%,4,1%,0%,4%,73%
62,cc9ed413,Milw French Immersion School,MPS Owned,2360 N 52nd St,62,140,5.5096E+11,WI-3619-0140,140,2,Central,Central,53210,43.0619271,-87.9780263,,Traditional,No,PK,5,PK - 05,Elementary School,Elementary School,3,0,No,No,Yes,Yes,N/A,,1932,"197,682",0.068,"$3,127,956 ",$15.82 ,6272,6336,0,12608,0.004329248,0.003030973,0.915416917,0-25%,,Yes,No,Yes,Yes,,Yes,0,0,0,0,0,0,0,2,0,0,0,0,0,0,2,0,0,0,0,0,0,0,0,0,62,cc9ed413,Milw French Immersion School,840,51.31%,PK - 05,462,537,578,614,637,640,594,533,450,431,412,389,376,363,359,358,354,354,354,354,,-206,-32%,-7%,-77,-12%,-2%,0%,90%
65,541b79cf,Carmen Southeast - Shared - Leased,Leased Out,1712 S 32nd St,65,451,5.5096E+11,WI-3619-0407,407,6,Contracted,Southwest,53215,43.0127166,-87.9535913,,Non-Instrumentality,Yes,9,12,12-Sep,High School,Non Instrumentality,0,5,No,No,No,Yes,N/A,,1912,-,0.114,"$4,093,184 ",$ -,9768,13754,0,23522,0.075239383,0.035972342,0.924073409,0-25%,,Not found,Not found,Not found,No,,Yes,0,0,0,1,0,0,0,0,0,0,0.4,0,0,0,1.4,0,0,0,0,0,0,0,0,0,65,541b79cf,Carmen Southeast - Shared - Leased,0,NA,12-Sep,0,0,169,367,545,726,774,785,748,676,674,686,674,682,679,678,680,679,679,679,,131,24%,5%,3,1%,0%,N/A,85%
65,b67e015d,ALBA,MPS Owned,1712 S 32nd St,65,76,5.5096E+11,WI-3619-0162,162,6,Contracted,Southwest,53215,43.0120298,-87.9535913,,Instrumentality,Yes,PK,8,PK - 08,K-8,Elementary School,1,5,No,No,Yes,Yes,N/A,,1912,-,0.114,"$495,875 ",$ -,7560,6100,0,13660,0.054554364,0.028161302,0.976690209,0-25%,,Yes,Yes,Yes,Yes,,Yes,0,1,0,0,2,0,2,0,0,0,0,0,0,2,7,0,0,0,0,0,0,0,0,0,65,b67e015d,ALBA,800,77.50%,PK - 08,402,449,493,494,511,539,565,568,595,620,598,565,539,523,498,485,472,463,454,447,,109,21%,4%,-173,-34%,-3%,0%,88%
66,64867ee9,Green Tree Preparatory Academy,MPS Owned,6850 N 53rd St,66,850,5.5096E+11,WI-3619-0454,454,1,"Citywide (K8, MS)",Northwest,53223,43.1422057,-87.9768134,,Instrumentality,Yes,6,12,12-Jun,High School,High School,0,0,No,No,No,Yes,N/A,,1972,"242,597",0.076,"$4,403,765 ",$18.15 ,7104,7636,0,14740,0.003184355,0.002474959,1,0-25%,,Yes,Yes,Yes,Yes,,Yes,1,1,0,0,0,0,0,0,0,0,0.2,0,0,0,2.2,0,0,0,0,0,0,0,0,0,66,64867ee9,Green Tree Preparatory Academy,860,57.67%,12-Jun,0,0,0,0,0,212,252,363,435,496,527,545,579,600,619,629,625,626,626,626,,496,,19%,130,,2%,0%,89%
67,6590b4fc,Golda Meir School,MPS Owned,227 W Pleasant St,67,176,5.5096E+11,WI-3619-0176,176,5,High School,East,53212,43.0517551,-87.9139436,,Traditional,No,3,12,12-Mar,K-8,Elementary School,5,2,No,No,Yes,NA,N/A,,1992,"233,184",0.036,"$2,298,389 ",$9.86 ,6482,9932,0,16414,1,0.954103462,0.955932954,1,,Not found,Not found,Not found,No,,Yes,1,1,1,1,0,0,0,0,1,UWM,0.8,0,0,0,5.8,0,4,0,0,0,0,0,2,6,67,6590b4fc,Golda Meir School,1012,96.84%,12-Mar,472,604,739,865,890,937,956,956,944,980,956,957,953,933,944,935,930,939,926,928,,90,10%,2%,-52,-6%,-1%,0%,83%
71,1a82065a,Milw School of Languages,MPS Owned,8400 W Burleigh St,71,71,5.5096E+11,WI-3619-0071,71,2,High School,Northwest,53222,43.0761422,-88.0185096,,Traditional,No,6,12,12-Jun,High School,High School,0,2,No,No,No,No,N/A,,1956,"156,816",0.02,"$701,264 ",$4.47 ,3664,10460,0,14124,0,0,0.713163485,0-25%,,Yes,Yes,Yes,Yes,,Yes,0,0,0,1,0,0,0,0,1,UWM,1,0,0,0,3,2,4,8,0,0,0,0,0,14,71,1a82065a,Milw School of Languages,1032,92.15%,12-Jun,1177,1202,1185,1174,1182,1146,1103,993,985,951,929,915,905,896,920,909,914,916,913,914,,-231,-20%,-4%,-37,-3%,0%,0%,56%
73,efa75ee0,Allen-Field School,MPS Owned,730 W Lapham Blvd,73,73,5.5096E+11,WI-3619-0073,73,6,Southwest,Southwest,53204,43.0147201,-87.9206721,,Traditional,No,PK,5,PK - 05,Elementary School,Elementary School,1,2,No,No,Yes,No,N/A,,1968,"82,500",0.086,"$1,462,187 ",$17.72 ,0,0,3120,3120,0,0.003899154,0.951452582,0-25%,,Yes,No,,Check classroom availability,,Yes,0,0,0,0,0,0,2,0,0,0,0,0,0,0,2,0,2,2,0,0,0,2,0,6,73,efa75ee0,Allen-Field School,624,75.96%,PK - 05,708,696,658,624,590,564,517,486,488,474,473,474,486,490,494,493,499,508,509,507,,-116,-20%,-4%,33,6%,1%,20%,82%
75,94598695,Alcott School,MPS Owned,3563 S 97th St,75,75,5.5096E+11,WI-3619-0075,75,7,Southwest,Southwest,53228,42.9795145,-88.0345509,,Traditional,No,PK,8,PK - 08,K-8,Elementary School,NA,NA,0,0,0,Yes,Yes,,1966,"36,113",0.455,"$3,383,900 ",$93.70 ,0,0,2400,2400,0.002679289,0.004237288,0.758782121,0-25%,,Yes,,,Check classroom availability,,No,0,0,0,0,0,0,0,0,0,0,0,0,0,0,0,0,0,2,0,0,0,0,0,2,75,94598695,Alcott School,226,118.58%,PK - 08,358,356,344,324,307,310,275,248,293,268,278,276,273,271,264,264,261,265,256,252,,-39,-13%,-2%,-16,-5%,-1%,34%,67%
77,79afeca3,Auer,MPS Owned,2319 W Auer Ave,77,77,5.5096E+11,WI-3619-0077,77,4,Central,Central,53206,43.0763062,-87.940565,,Traditional,No,PK,5,PK - 05,Elementary School,Elementary School,6,0,No,Yes,Yes,Yes,N/A,,1903,"68,758",0.008,"$158,456 ",$2.30 ,2250,3488,0,5738,0.02247334,0.015599366,0.959650959,0-25%,,Yes,No,Yes,Yes,,Yes,0,0,0,0,0,0,0,0,0,0,0,1,0,0,1,0,0,0,0,0,0,0,0,0,77,79afeca3,Auer,479,39.04%,PK - 05,183,207,173,177,195,183,167,168,160,187,186,189,190,190,188,184,186,186,185,186,,-8,-4%,0%,-1,-1%,0%,28%,88%
81,00d48089,Barton,MPS Owned,5700 W Green Tree Rd,81,81,5.5096E+11,WI-3619-0081,81,1,Northwest,Northwest,53223,43.1416458,-87.9834783,,Traditional,No,PK,5,PK - 05,Elementary School,Elementary School,0,0,No,No,No,Yes,N/A,,1962,"50,645",0.141,"$1,467,262 ",$28.97 ,0,0,2563,2563,0,0.004370292,0.88533417,0-25%,,Yes,No,Yes,Yes,,No,0,0,0,0,0,0,0,0,0,0,0,0,0,0,0,0,0,0,0,0,0,0,0,0,81,00d48089,Barton,432,59.95%,PK - 05,342,278,274,283,264,255,250,228,234,259,241,246,251,248,249,248,248,248,248,248,,-5,-2%,0%,-11,-4%,0%,19%,80%
83,1b6847d9,King Elementary,MPS Owned,3275 N 3rd St,83,83,5.5096E+11,WI-3619-0199,199,5,"Citywide (K8, MS)",East,53212,43.0783771,-87.9146333,,Traditional,No,PK,8,PK - 08,K-8,Elementary School,5,1,No,No,Yes,NA,N/A,,1894,"92,712",0.055,"$2,023,629 ",$21.83 ,2397,4368,0,6765,0.033477501,0.023084348,0.854429192,0-25%,,Yes,No,Yes,Yes,,Yes,0,0,0,0,0,0,0,0,0,0,0,1,0,0,1,0,2,0,0,0,0,0,0,2,83,1b6847d9,King Elementary,678,43.95%,PK - 08,417,365,355,287,290,268,302,300,279,298,297,301,304,299,300,296,300,302,299,301,,8,3%,1%,3,1%,0%,34%,80%
89,442e469a,Brown,MPS Owned,2029 N 20th St,89,89,5.5096E+11,WI-3619-0089,89,4,East,Central,53205,43.0569709,-87.9382291,,Traditional,No,PK,5,PK - 05,Elementary School,Elementary School,7,2,No,Yes,Yes,No,N/A,,1882,"110,514",0.184,"$2,698,583 ",$24.42 ,4290,3009,0,7299,0.326721163,0.235964696,0.884027313,25-50%,,Yes,No,Yes,Yes,,No,0,0,0,0,0,0,0,0,0,0,0,0,0,0,0,0,0,0,0,2,0,0,0,2,89,442e469a,Brown,631,32.33%,PK - 05,311,323,309,322,316,309,252,253,223,204,202,204,206,203,204,204,204,204,204,204,,-112,-35%,-8%,0,0%,0%,12%,86%
93,7c72633a,Bruce,MPS Owned,6453 N 89th St,93,93,5.5096E+11,WI-3619-0093,93,1,Northwest,Northwest,53224,43.1353781,-88.0234436,,Traditional,No,PK,5,PK - 05,Elementary School,Elementary School,3,1,No,Yes,Yes,No,N/A,,1961,"56,197",0.033,"$226,237 ",$4.03 ,2550,2928,0,5478,0.057094495,0.044861201,0.785442392,0-25%,,Yes,No,Yes,Yes,,No,0,0,0,0,0,0,0,0,0,0,0,0,0,0,0,0,0,0,0,0,0,0,0,0,93,7c72633a,Bruce,486,58.85%,PK - 05,261,232,215,253,256,252,274,267,280,286,285,298,298,296,295,297,296,296,297,296,,30,12%,2%,10,4%,0%,11%,76%
94,67877f13,Bryant,MPS Owned,8718 W Thurston Ave,94,94,5.5096E+11,WI-3619-0094,94,1,Northwest,Northwest,53225,43.1219493,-88.022245,,Traditional,No,PK,5,PK - 05,Elementary School,Elementary School,1,0,No,No,Yes,No,N/A,,1962,"54,073",0.226,"$2,600,952 ",$48.10 ,0,0,2517,2517,0,0.005682182,0.728387414,0-25%,,Yes,No,Yes,Yes,,No,0,0,0,0,0,0,0,0,0,0,0,0,0,0,0,0,0,2,0,2,0,0,0,4,94,67877f13,Bryant,418,47.13%,PK - 05,264,215,252,225,221,206,209,206,202,197,193,190,197,191,197,195,195,196,195,195,,-24,-11%,-2%,-2,-1%,0%,19%,77%
95,868ba53f,Burbank,MPS Owned,6035 W Adler St,95,95,5.5096E+11,WI-3619-0095,95,7,Central,Central,53214,43.0272193,-87.9883335,,Traditional,No,PK,8,PK - 08,K-8,Elementary School,0,1,No,No,No,Yes,Yes,,1930,"99,685",0.003,"$80,384 ",$0.81 ,3721,2930,0,6651,0.07694445,0.040980807,0.809575849,0-25%,,Yes,No,No,No,,Yes,0,0,0,0,0,1,0,0,0,0,0,0,0,0,1,2,0,0,0,2,0,0,0,4,95,868ba53f,Burbank,388,129.64%,PK - 08,595,609,648,649,607,602,583,511,488,503,498,482,468,450,445,443,440,442,448,454,,-104,-17%,-4%,-49,-8%,-1%,18%,79%
98,62bdaf26,Burdick,MPS Owned,4348 S Griffin Ave,98,98,5.5096E+11,WI-3619-0098,98,8,East,East,53207,42.96559851,-87.9039623,,Traditional,No,PK,8,PK - 08,K-8,Elementary School,0,2,No,No,No,No,N/A,,1925,"73,100",0.04,"$701,740 ",$9.60 ,2107,6554,0,8661,0.059225911,0.057964195,No Data,0-25%,,Yes,No,Yes,Yes,,No,0,0,0,0,0,0,0,0,0,0,0,0,0,0,0,2,0,0,0,0,0,0,0,2,98,62bdaf26,Burdick,533,92.87%,PK - 08,665,666,659,630,629,619,570,523,497,495,459,429,402,386,374,364,364,347,354,352,,-134,-21%,-5%,-143,-23%,-3%,23%,58%
104,1e488432,Cass,MPS Owned,1647 N Cass St,104,104,5.5096E+11,WI-3619-0104,104,5,East,East,53202,43.0517001,-87.9026008,,Traditional,No,PK,8,PK - 08,K-8,Elementary School,4,1,No,No,Yes,Yes,N/A,,1905,"100,800",0.01,"$537,742 ",$5.33 ,1780,2814,0,4594,0.075182389,0.057197715,0.954435445,0-25%,,Yes,Yes,,Check classroom availability,,Yes,0,1,0,0,0,0,0,0,0,0,0,0,0,0,1,0,2,0,0,0,0,0,0,2,104,1e488432,Cass,533,52.72%,PK - 08,368,359,419,402,416,366,316,325,285,281,270,273,272,283,290,298,309,317,319,326,,-135,-32%,-7%,45,11%,2%,8%,82%
110,f524b142,Clarke,MPS Owned,2816 W Clarke St,110,110,5.5096E+11,WI-3619-0110,110,4,Central,Central,53210,43.0663291,-87.9493983,,Traditional,No,PK,8,PK - 08,K-8,Elementary School,8,0,No,No,Yes,Yes,N/A,,1902,"85,533",0.004,"$79,046 ",$0.92 ,0,2184,5650,7834,0.01230313,0.012082224,0.879677807,0-25%,,Yes,No,No,No,,No,0,0,0,0,0,0,0,0,0,0,0,0,0,0,0,0,4,0,0,0,0,0,0,4,110,f524b142,Clarke,560,39.82%,PK - 08,332,308,307,297,299,265,265,225,192,223,205,194,194,188,176,175,170,167,175,178,,-76,-25%,-5%,-45,-15%,-2%,10%,84%
113,8233b659,Clement Ave,MPS Owned,3666 S Clement Ave,113,113,5.5096E+11,WI-3619-0113,113,8,East,East,53207,42.9777742,-87.8929351,,Traditional,No,PK,8,PK - 08,K-8,Elementary School,0,3,No,No,Yes,Yes,N/A,,1953,"59,252",0.058,"$646,474 ",$10.91 ,1870,2500,0,4370,1,0.858842995,0.858842995,1,,Yes,Yes,Yes,Yes,,No,0,0,0,0,0,0,0,0,0,0,0,0,0,0,0,0,2,0,0,0,0,0,0,2,113,8233b659,Clement Ave,361,71.75%,PK - 08,475,437,432,462,423,406,364,313,285,259,221,201,192,184,171,168,165,165,167,166,,-164,-39%,-9%,-93,-22%,-4%,10%,74%
114,79f8edb7,Clemens,MPS Owned,3600 W Hope Ave,114,114,5.5096E+11,WI-3619-0114,114,3,Central,Central,53216,43.0942549,-87.9586873,,Traditional,No,PK,5,PK - 05,Elementary School,Elementary School,2,0,No,No,Yes,Yes,N/A,,1959,"46,232",0.091,"$993,004 ",$21.48 ,0,0,2840,2840,0,0.005470961,0.941921574,0-25%,,Yes,No,,Check classroom availability,,No,0,0,0,0,0,0,0,0,0,0,0,0,0,0,0,2,2,0,0,0,0,0,0,4,114,79f8edb7,Clemens,361,85.60%,PK - 05,315,293,275,293,316,340,309,303,285,309,324,337,345,344,343,346,345,345,345,345,,-7,-2%,0%,36,11%,1%,10%,88%
116,e14402b0,Congress,MPS Owned,5225 W Lincoln Creek Dr,116,116,5.5096E+11,WI-3619-0116,116,3,Northwest,Northwest,53218,43.0986178,-87.97865,,Traditional,No,PK,8,PK - 08,K-8,Elementary School,2,0,No,No,Yes,Yes,N/A,,1960,"62,994",0.039,"$504,359 ",$8.01 ,2732,0,4692,7424,1,0.817895004,0.830843763,1,,Yes,No,No,No,,No,0,0,0,0,0,0,0,0,0,0,0,0,0,0,0,2,0,0,0,2,0,0,0,4,116,e14402b0,Congress,705,99.15%,PK - 08,782,753,737,737,749,769,708,726,720,699,699,706,704,716,710,713,722,730,737,743,,-50,-7%,-1%,44,6%,1%,12%,84%
117,38a97352,Cooper,MPS Owned,5143 S 21st St,117,117,5.5096E+11,WI-3619-0117,117,8,East,East,53221,42.9508208,-87.9408947,,Traditional,No,PK,8,PK - 08,K-8,Elementary School,0,2,Yes,No,Yes,Yes,Yes,,1965,"48,421",0.007,"$28,252 ",$0.58 ,0,0,2429,2429,0,0.007264122,0.986269708,0-25%,,Yes,No,,Check classroom availability,,Yes,0,1,0,0,0,0,0,0,0,0,0,0,0,0,1,0,0,2,0,0,0,0,0,2,117,38a97352,Cooper,307,149.51%,PK - 08,423,421,431,444,465,474,466,459,461,459,460,458,460,466,466,468,465,467,471,472,,-6,-1%,0%,13,3%,0%,41%,63%
119,3c2d8001,Craig Montessori,MPS Owned,7667 W Congress St,119,119,5.5096E+11,WI-3619-0501,501,2,Northwest,Northwest,53218,43.0969519,-88.0085774,,Traditional,No,PK,8,PK - 08,K-8,Elementary School,2,0,No,No,Yes,No,N/A,,1930,"61,420",0.057,"$739,949 ",$12.05 ,0,0,3045,3045,0.105921495,0.064746259,0.702201913,0-25%,,Yes,Yes,No,Yes,,Yes,0,1,0,0,0,0,0,0,0,0,0,0,2,0,3,0,0,0,0,0,0,0,0,0,119,3c2d8001,Craig Montessori,388,66.24%,PK - 08,519,497,444,391,363,307,294,291,276,257,264,245,227,214,204,199,188,183,178,172,,-106,-29%,-7%,-85,-23%,-4%,0%,65%
122,daa3fb14,Curtin,MPS Owned,3450 S 32nd St,122,122,5.5096E+11,WI-3619-0122,122,7,Southwest,Southwest,53215,42.9820496,-87.9536209,,Traditional,No,PK,8,PK - 08,K-8,Elementary School,1,4,Yes,No,Yes,No,Yes,,1954,"49,647",0.026,"$379,340 ",$7.64 ,1160,2380,0,3540,0.087679132,0.058953154,0.751385096,0-25%,,Not found,Not found,Not found,No,,Yes,0,1,0,0,0,1,0,0,0,0,0,0,0,0,2,0,0,0,0,0,0,0,0,0,122,daa3fb14,Curtin,199,142.21%,PK - 08,303,306,311,318,324,331,331,310,309,283,289,279,277,278,282,279,277,280,283,282,,-41,-13%,-3%,-1,0%,0%,31%,86%
123,f60b6454,Browning,MPS Owned,5440 N 64th St,123,92,5.5096E+11,WI-3619-0092,92,2,Northwest,Northwest,53218,43.1175597,-87.9905773,,Traditional,No,PK,5,PK - 05,Elementary School,Elementary School,2,0,No,No,Yes,Yes,N/A,,2003,"65,500",<0.01,$ -,$ -,2819,0,0,2819,1,1,0.858375387,1,,Yes,No,Yes,Yes,,Yes,0,0,0,0,0,0,0,0,0,0,0,1,0,0,1,0,2,0,0,0,0,0,0,2,123,f60b6454,Browning,452,63.72%,PK - 05,317,269,266,294,339,321,280,259,283,288,274,271,273,268,269,273,271,271,272,271,,-51,-15%,-3%,-17,-5%,-1%,16%,91%
125,4fa92452,Doerfler,MPS Owned,3014 W Scott St,125,125,5.5096E+11,WI-3619-0125,125,6,Southwest,Southwest,53215,43.0199072,-87.9520259,,Traditional,No,PK,8,PK - 08,K-8,Elementary School,1,4,Yes,No,Yes,No,N,,1910,"81,525",0.083,"$1,486,239 ",$18.23 ,2120,5616,0,7736,0.076776217,0.056825657,0.935152653,0-25%,,Yes,No,No,No,,Yes,0,0,0,0,0,0,2,0,0,0,0,0,0,0,2,0,0,0,2,0,0,0,0,2,125,4fa92452,Doerfler,533,103.19%,PK - 08,756,756,675,629,613,568,564,509,520,550,543,531,526,533,530,531,546,537,529,532,,-63,-10%,-2%,-18,-3%,0%,27%,92%
131,3bc4e6d1,Bay View Montessori - Upper,MPS Owned,357 E Howard Ave,131,105,NA,NA,112,8,East,East,53207,42.9968076,-87.90147276,,Traditional,No,1,8,8-Jan,K-8,Elementary School,0,1,No,No,Yes,No,N/A,,1890,"66,629",<0.01,$ -,$ -,1698,2900,0,4598,NA,NA,NA,NA,,Yes,No,Yes,Yes,,Yes,0,0,0,0,0,0,0,0,0,0,0,0,2,0,2,0,0,0,0,0,0,0,0,0,131,3bc4e6d1,Bay View Montessori - Upper,425,71.76%,8-Jan,41,91,128,150,168,211,239,260,300,305,317,336,346,357,373,382,383,388,392,394,,137,82%,13%,89,53%,3%,0%,65%
143,258c8c8f,Eighty-First,MPS Owned,2964 N 81st St,143,143,5.5096E+11,WI-3619-0143,143,2,Northwest,Northwest,53222,43.0730776,-88.0131855,,Traditional,No,PK,5,PK - 05,Elementary School,Elementary School,0,0,Yes,No,Yes,Yes,Yes,,1950,"57,645",0.168,"$2,357,846 ",$40.90 ,2580,2354,0,4934,0,0.003050614,0.658674916,0-25%,,No,No,No,No,,No,0,0,0,0,0,0,0,0,0,0,0,0,0,0,0,2,0,0,0,2,0,0,0,4,143,258c8c8f,Eighty-First,290,123.45%,PK - 05,306,367,353,322,365,366,303,322,332,358,376,392,395,400,391,380,376,370,370,370,,-7,-2%,0%,12,3%,0%,26%,72%
146,f57989d0,Milw German Immersion,MPS Owned,3778 N 82nd St,146,146,5.5096E+11,WI-3619-0146,146,2,Northwest,Northwest,53222,43.0853695,-88.0140646,,Traditional,No,PK,5,PK - 05,Elementary School,Elementary School,0,2,No,No,Yes,Yes,N/A,,1956,"68,684",0.119,"$1,486,010 ",$21.64 ,2330,2716,0,5046,0.065713008,0.039088085,0.599826462,0-25%,,Yes,No,Yes,Yes,,Yes,0,0,0,0,0,0,0,2,0,0,0,0,0,0,2,0,0,0,0,0,0,0,0,0,146,f57989d0,Milw German Immersion,506,108.50%,PK - 05,627,617,621,607,594,595,592,551,561,549,556,559,548,544,545,545,545,545,545,545,,-45,-8%,-2%,-4,-1%,0%,0%,27%
148,db607a8d,Elm Creative Arts,MPS Owned,900 W Walnut St,148,148,5.5096E+11,WI-3619-0148,148,5,East,East,53205,43.053295,-87.9235981,,Traditional,No,PK,5,PK - 05,Elementary School,Elementary School,5,2,No,Yes,Yes,No,N/A,,1991,"88,797",0.25,"$4,330,097 ",$48.76 ,5750,3444,0,9194,1,1,0.990750486,1,,Yes,No,Yes,Yes,,Yes,0,0,0,0,0,0,0,0,0,0,0,0,0,2,2,0,0,0,0,0,0,0,0,0,148,db607a8d,Elm Creative Arts,560,56.96%,PK - 05,521,479,398,394,346,300,253,259,302,319,330,342,341,340,337,332,332,331,332,332,,-27,-8%,-1%,13,4%,0%,0%,86%
149,56cd986b,Starms ECC,MPS Owned,2616 W Garfield Ave,149,149,5.5096E+11,WI-3619-0149,149,4,Central,Central,53205,43.059475,-87.9467442,,Traditional,No,PK,KG,PK - KG,Elementary School,Elementary School,7,1,No,No,Yes,Yes,N/A,,1893,"46,260",0.271,"$2,707,634 ",$58.53 ,1618,2194,0,3812,0.494956468,0.369322612,0.822422204,25-50%,,Yes,No,Yes,Yes,,No,0,0,0,0,0,0,0,0,0,0,0,0,0,0,0,0,0,0,0,0,0,0,0,0,149,56cd986b,Starms ECC,307,87.62%,PK - KG,318,293,293,298,287,278,260,245,251,269,255,261,261,261,260,261,261,261,261,261,,-18,-6%,-1%,-8,-3%,0%,0%,85%
150,077d20cc,Emerson,MPS Owned,9025 W Lawrence Ave,150,150,5.5096E+11,WI-3619-0150,150,2,Northwest,Northwest,53225,43.0977013,-88.0253947,,Traditional,No,PK,5,PK - 05,Elementary School,Elementary School,0,1,No,No,Yes,No,N/A,,1959,"37,439",0.266,"$2,049,593 ",$54.74 ,0,0,2817,2817,0.013899865,0.009408433,0.927218376,0-25%,,No,No,No,No,,No,0,0,0,0,0,0,0,0,0,0,0,0,0,0,0,0,0,2,0,2,0,0,0,4,150,077d20cc,Emerson,219,92.24%,PK - 05,255,232,273,260,255,232,217,204,207,202,194,192,196,191,194,193,192,193,192,192,,-53,-21%,-4%,-10,-4%,0%,25%,63%
152,894dac5d,Engleburg,MPS Owned,5100 N 91st St,152,152,5.5096E+11,WI-3619-0152,152,2,Northwest,Northwest,53225,43.1109516,-88.0251671,,Traditional,No,PK,5,PK - 05,Elementary School,Elementary School,1,0,No,No,Yes,No,N/A,,1960,"68,067",0.082,"$1,327,920 ",$19.51 ,5816,2676,0,8492,0.048183931,0.035023697,0.69371248,0-25%,,Yes,No,Yes,Yes,,No,0,0,0,0,0,0,0,0,0,0,0,0,0,0,0,0,0,2,2,2,0,0,0,6,152,894dac5d,Engleburg,384,69.79%,PK - 05,396,336,312,276,297,306,302,300,295,268,268,272,277,286,276,280,280,279,280,280,,-29,-10%,-2%,12,4%,0%,18%,80%
154,6bac615c,Thurston Woods,MPS Owned,5966 N 35th St,154,154,5.5096E+11,WI-3619-0154,154,1,Northwest,Northwest,53209,43.1258586,-87.9553392,,Traditional,No,PK,8,PK - 08,K-8,Elementary School,1,0,No,No,No,Yes,N/A,,1954,"89,090",0.131,"$1,433,777 ",$16.09 ,3312,2880,0,6192,0.00557354,0.004311471,0.987283338,0-25%,,Yes,No,Yes,Yes,,No,0,0,0,0,0,0,0,0,0,0,0,0,0,0,0,0,2,0,0,0,0,0,0,2,154,6bac615c,Thurston Woods,452,65.93%,PK - 08,499,449,396,421,411,442,395,393,355,298,308,298,293,292,287,290,294,294,296,295,,-113,-27%,-6%,-3,-1%,0%,32%,81%
155,4ac824aa,Fairview,MPS Owned,6500 W Kinnickinnic River Pkwy,155,155,5.5096E+11,WI-3619-0155,155,7,Southwest,Southwest,53219,42.9911217,-87.9941542,,Traditional,No,PK,8,PK - 08,K-8,Elementary School,0,1,No,No,No,Yes,Yes,,1955,"69,033",0.226,"$3,703,236 ",$53.64 ,0,0,2400,2400,0.116723767,0.075591646,0.929290703,0-25%,,Yes,Yes,,Check classroom availability,,Yes,0,1,0,0,0,0,0,0,0,0,0,0,0,0,1,2,0,2,0,2,0,0,0,6,155,4ac824aa,Fairview,455,138.02%,PK - 08,632,665,643,641,673,659,631,602,647,628,615,604,605,592,594,581,580,583,582,584,,-45,-7%,-1%,-44,-7%,-1%,28%,64%
158,a279ee81,Fernwood Montessori,MPS Owned,3239 S Pennsylvania Ave,158,158,5.5096E+11,WI-3619-0158,158,8,East,East,53207,42.9858866,-87.8804654,,Traditional,No,PK,8,PK - 08,K-8,Elementary School,0,0,Yes,No,Yes,Yes,N,,1927,"77,182",0.07,"$1,871,767 ",$24.25 ,2604,4788,0,7392,0,0.002425488,0.964216924,0-25%,,Yes,No,Yes,Yes,,Yes,0,0,0,0,0,0,0,0,0,0,0,0,2,0,2,2,0,0,0,0,0,0,0,2,158,a279ee81,Fernwood Montessori,651,118.59%,PK - 08,705,714,739,782,784,794,772,758,756,772,771,767,746,749,741,733,733,731,734,736,,-12,-2%,0%,-36,-5%,0%,0%,19%
167,09f6b28c,Milw Spanish Immersion - Upper,MPS Owned,2765 S 55th St,167,167,NA,NA,167,7,Southwest,Southwest,53219,42.9948283,-87.98323404,,Instrumentality,No,2,5,5-Feb,Elementary School,Elementary School,0,1,No,No,No,Yes,N/A,,1954,"66,865",0.29,"$2,802,380 ",$41.91 ,1870,2500,0,4370,NA,NA,NA,NA,,Not found,Not found,Not found,No,,Yes,0,0,0,0,0,0,0,2,0,0,0,0,0,0,2,2,0,0,0,4,2,0,0,8,167,09f6b28c,Milw Spanish Immersion - Upper,291,100.00%,5-Feb,268,270,270,272,290,320,324,315,311,291,281,281,282,281,284,283,283,284,283,283,,1,0%,0%,-8,-3%,0%,0%,57%
170,8842620e,Fifty -Third,MPS Owned,3618 N 53rd St,170,170,5.5096E+11,WI-3619-0170,170,3,Central,Central,53216,43.0837826,-87.9791291,,Traditional,No,PK,8,PK - 08,K-8,Elementary School,3,0,No,No,Yes,Yes,N/A,,1952,"69,724",0.218,"$1,101,432 ",$15.80 ,2759,2400,0,5159,0,0.003428993,0.878596047,0-25%,,Yes,No,No,No,,Yes,0,1,0,0,0,0,0,0,0,0,0,0,0,0,1,0,0,2,0,0,0,0,0,2,170,8842620e,Fifty -Third,479,68.89%,PK - 08,400,393,470,400,417,410,358,331,312,330,333,327,331,334,330,329,335,338,332,334,,-87,-21%,-4%,4,1%,0%,19%,84%
173,916aac18,Forest Home,MPS Owned,1516 W Forest Home Ave,173,173,5.5096E+11,WI-3619-0173,173,6,Southwest,Southwest,53204,43.0108026,-87.9314121,,Traditional,No,PK,5,PK - 05,Elementary School,Elementary School,1,3,No,No,Yes,Yes,N/A,,1907,"91,047",0.18,"$3,822,894 ",$41.99 ,2281,6400,0,8681,0.028097393,0.021933751,0.802745449,0-25%,,Yes,No,Yes,Yes,,Yes,0,1,0,0,0,0,2,0,0,0,0,0,0,0,3,0,0,6,0,4,0,0,0,10,173,916aac18,Forest Home,546,98.35%,PK - 05,802,821,722,680,698,685,656,597,582,537,535,528,520,509,524,520,520,526,528,529,,-161,-23%,-5%,-8,-1%,0%,14%,84%
176,9408377e,Golda Meir - Lower,MPS Owned,1555 N Doctor M.L.K. Jr Dr,176,176,NA,NA,NA,5,High School,East,53212,43.05101183,-87.91534557,,Instrumentality,No,3,5,5-Mar,Elementary School,Elementary School,5,1,No,Yes,Yes,Yes,N,,1890,"48,035",0.029,"$282,400 ",$5.88 ,1032,2772,0,3804,NA,NA,NA,NA,,Yes,Yes,Yes,Yes,,No,NA,NA,NA,NA,NA,NA,NA,NA,NA,NA,NA,NA,NA,NA,0,NA,NA,NA,NA,NA,NA,NA,NA,0,176,9408377e,Golda Meir - Lower,226,102.21%,5-Mar,280,281,290,282,272,264,239,204,230,231,234,228,228,231,229,229,230,229,229,230,,-41,-15%,-3%,-1,-1%,0%,0%,76%
179,2e4f952f,Franklin,MPS Owned,2308 W Nash St,179,179,5.5096E+11,WI-3619-0179,179,3,Central,Central,53206,43.0850118,-87.941627,,Traditional,No,PK,8,PK - 08,K-8,Elementary School,4,1,No,No,No,Yes,N/A,,1923,"104,330",0.018,"$475,222 ",$4.55 ,2442,2442,0,4884,0.01445625,0.009638044,0.91629154,0-25%,,Yes,No,Yes,Yes,,No,0,0,0,0,0,0,0,0,0,0,0,0,0,0,0,2,0,2,0,2,0,0,0,6,179,2e4f952f,Franklin,519,66.28%,PK - 08,326,281,346,328,376,386,367,362,326,344,330,326,326,328,332,327,335,341,340,343,,-32,-9%,-2%,-1,0%,0%,21%,88%
182,20ab1eba,Fratney,MPS Owned,3255 N Fratney St,182,182,5.5096E+11,WI-3619-0182,182,5,East,East,53212,43.0778446,-87.9020766,,Traditional,No,PK,5,PK - 05,Elementary School,Elementary School,2,0,No,Yes,Yes,Yes,N,,1903,"82,838",0.109,"$1,852,636 ",$22.36 ,0,174,4721,4895,1,1,0.978640149,1,,Yes,No,Yes,Yes,,Yes,0,0,0,0,0,0,2,0,0,0,0,0,0,0,2,0,0,0,0,0,0,0,0,0,182,20ab1eba,Fratney,398,119.10%,PK - 05,450,432,454,434,489,467,409,448,483,474,476,478,482,487,486,482,484,484,483,483,,-15,-3%,0%,9,2%,0%,0%,63%
185,6c5ffce9,Gaenslen,MPS Owned,1250 E Burleigh St,185,185,5.5096E+11,WI-3619-0185,185,5,East,East,53212,43.0752905,-87.8950117,,Traditional,No,PK,8,PK - 08,K-8,Elementary School,1,1,No,No,Yes,Yes,N/A,,1988,"227,935",0.084,"$4,371,006 ",$19.18 ,5369,3672,0,9041,1,1,0.922644489,1,,Yes,Yes,Yes,Yes,,Yes,0,1,0,0,0,0,0,0,0,0,0,0,0,0,1,4,0,8,0,4,6,4,0,26,185,6c5ffce9,Gaenslen,680,99.56%,PK - 08,675,705,761,765,725,759,710,646,687,677,671,689,681,687,692,702,708,710,688,685,,-48,-7%,-1%,8,1%,0%,6%,86%
188,cc19366a,Lloyd Barbee Montessori,MPS Owned,4456 N Teutonia Ave,188,188,5.5096E+11,WI-3619-0188,188,3,Central,Central,53209,43.0983574,-87.9422899,,Traditional,No,PK,6,PK - 06,Elementary School,Elementary School,4,2,No,No,Yes,Yes,N/A,,1931,"79,900",0.107,"$1,967,533 ",$24.62 ,0,2762,0,2762,0,0.001433914,0.895903221,0-25%,,Yes,Yes,,Check classroom availability,,Yes,0,0,0,0,0,0,0,0,0,0,0,0,2,0,2,0,0,2,0,0,0,0,0,2,188,cc19366a,Lloyd Barbee Montessori,479,63.67%,PK - 06,312,325,342,331,333,315,317,312,300,305,298,296,292,291,286,284,281,279,278,278,,-28,-8%,-2%,-27,-8%,-1%,11%,81%
191,7fb8834d,IDEAL,MPS Owned,1420 W Goldcrest Ave,191,224,5.5096E+11,WI-3619-0165,165,8,East,East,53221,42.9397293,-87.9317176,,Instrumentality,Yes,PK,8,PK - 08,K-8,Elementary School,0,1,Yes,No,Yes,Yes,Yes,,1967,"31,950",0.162,"$1,064,476 ",$33.32 ,0,0,2544,2544,1,0.904834149,0.904834149,1,,Yes,Yes,,Check classroom availability,,No,0,0,0,0,0,0,0,0,0,0,0,0,0,0,0,0,0,0,0,0,0,0,0,0,191,7fb8834d,IDEAL,172,125.58%,PK - 08,279,285,333,323,287,283,267,229,245,216,205,193,185,176,175,169,168,170,166,165,,-71,-25%,-5%,-51,-18%,-3%,0%,70%
192,83c953ed,Goodrich,MPS Owned,8251 N Celina St,192,192,5.5096E+11,WI-3619-0192,192,1,Northwest,Northwest,53224,43.1669506,-88.0375921,,Traditional,No,PK,5,PK - 05,Elementary School,Elementary School,2,0,No,No,No,Yes,Yes,,1972,"70,436",0.1,"$2,009,296 ",$28.53 ,3453,3409,0,6862,0,0.00375368,0.733335194,0-25%,,No,No,Yes,No,,No,0,0,0,0,0,0,0,0,0,0,0,0,0,0,0,2,0,0,0,2,0,0,0,4,192,83c953ed,Goodrich,273,105.49%,PK - 05,328,288,302,334,354,362,323,301,300,288,289,275,256,236,226,216,205,194,189,189,,-66,-19%,-4%,-99,-28%,-4%,48%,76%
193,f2cc4646,Grant,MPS Owned,2920 W Grant St,193,193,5.5096E+11,WI-3619-0193,193,6,Southwest,Southwest,53215,43.0055628,-87.9511666,,Traditional,No,PK,8,PK - 08,K-8,Elementary School,1,4,No,No,Yes,Yes,N/A,,1913,"92,467",0.01,"$154,392 ",$1.67 ,2804,6417,0,9221,0.013540354,0.00860688,0.936982433,0-25%,,Yes,Yes,Yes,Yes,,Yes,0,0,0,0,0,1,0,0,0,0,0,0,0,0,1,0,4,0,0,0,0,0,0,4,193,f2cc4646,Grant,587,99.15%,PK - 08,695,673,649,670,657,602,536,532,545,582,596,603,598,596,581,574,556,543,527,517,,-75,-11%,-2%,-65,-10%,-1%,14%,86%
194,81c57d6a,River Trail,MPS Owned,12021 W Florist Ave,194,194,5.5096E+11,WI-3619-0194,194,1,"Citywide (K8, MS)",Northwest,53225,43.1258044,-88.061509,,Traditional,No,PK,8,PK - 08,K-8,Elementary School,0,0,No,No,No,Yes,N/A,,1973,"59,402",0.092,"$1,297,880 ",$21.85 ,2508,2812,0,5320,1,0.930656265,0.853378007,1,,Yes,No,Yes,Yes,,No,0,0,0,0,0,0,0,0,0,0,0,0,0,0,0,0,0,2,0,0,0,0,0,2,194,81c57d6a,River Trail,479,84.13%,PK - 08,471,430,459,452,405,374,351,292,343,403,395,377,363,355,348,343,321,295,281,277,,-2,0%,1%,-126,-31%,-4%,7%,77%
196,1a87c7b5,Grantosa,MPS Owned,4850 N 82nd St,196,196,5.5096E+11,WI-3619-0196,196,2,Northwest,Northwest,53218,43.1062831,-88.0129174,,Traditional,No,PK,8,PK - 08,K-8,Elementary School,0,0,No,No,Yes,No,N/A,,1956,"79,541",0.152,"$2,494,954 ",$31.37 ,1746,0,2737,4483,0,0.003766583,0.726378639,0-25%,,Yes,No,Yes,Yes,,Yes,0,0,0,0,0,0,0,0,0,0,0,1,0,0,1,0,0,4,0,0,0,0,0,4,196,1a87c7b5,Grantosa,678,81.27%,PK - 08,572,615,619,629,583,588,547,545,510,551,557,555,559,569,556,554,537,538,538,536,,-32,-5%,-1%,-15,-3%,0%,17%,85%
202,acfe2f24,Greenfield,MPS Owned,1711 S 35th St,202,202,5.5096E+11,WI-3619-0202,202,7,Southwest,Southwest,53215,43.0118933,-87.9584045,,Traditional,No,PK,8,PK - 08,K-8,Elementary School,1,3,Yes,No,Yes,Yes,Yes,,1922,"69,540",0.01,"$105,661 ",$1.52 ,1722,0,5306,7028,0.065696058,0.045270034,0.911911974,0-25%,,Yes,No,No,No,,Yes,0,0,0,0,0,0,2,0,0,0,0,0,0,0,2,0,0,2,0,0,0,0,0,2,202,acfe2f24,Greenfield,361,153.74%,PK - 08,682,676,653,694,634,648,589,540,542,555,546,539,523,510,497,490,479,474,476,476,,-79,-12%,-2%,-79,-12%,-2%,20%,86%
205,27a6343c,Hampton,MPS Owned,5000 N 53rd St,205,205,5.5096E+11,WI-3619-0205,205,2,Northwest,Northwest,53218,43.1086805,-87.9782825,,Traditional,No,PK,5,PK - 05,Elementary School,Elementary School,0,0,No,No,Yes,Yes,N/A,,1939,"81,998",0.139,"$2,223,500 ",$27.12 ,2440,0,0,2440,0,0.003361305,0.817408269,0-25%,,Yes,No,,Check classroom availability,,No,0,0,0,0,0,0,0,0,0,0,0,0,0,0,0,0,2,0,0,0,0,0,0,2,205,27a6343c,Hampton,452,33.19%,PK - 05,279,256,223,227,234,223,189,164,163,150,153,155,150,145,141,140,139,139,139,139,,-84,-36%,-8%,-11,-5%,-1%,29%,83%
208,2f9526ac,Hartford,MPS Owned,2227 E Hartford Ave,208,208,5.5096E+11,WI-3619-0208,208,5,East,East,53211,43.077088,-87.8822292,,Traditional,No,PK,8,PK - 08,K-8,Elementary School,0,0,No,No,Yes,Yes,N/A,,1916,"85,700",0.582,"$1,042,525 ",$12.16 ,0,0,3257,3257,0.023177737,0.014780278,0.903706171,0-25%,,Yes,Yes,Yes,Yes,,No,0,0,0,0,0,0,0,0,0,0,0,0,0,0,0,0,0,0,0,0,0,0,0,0,208,2f9526ac,Hartford,479,79.33%,PK - 08,674,636,573,604,642,517,443,431,399,380,363,336,318,301,278,273,273,276,266,266,,-262,-41%,-10%,-114,-18%,-3%,6%,87%
211,2.59E+12,Hawley,MPS Owned,5610 W Wisconsin Ave,211,211,5.5096E+11,WI-3619-0211,211,4,Central,Central,53213,43.0391983,-87.983299,,Traditional,No,PK,5,PK - 05,Elementary School,Elementary School,0,1,Yes,No,Yes,No,No,,1905,"40,047",0.052,"$432,304 ",$10.79 ,1572,1797,0,3369,0,0.004944412,0.901287303,0-25%,,No,No,No,No,,No,0,0,0,0,0,0,0,0,0,0,0,0,0,0,0,0,0,0,0,0,0,0,0,0,211,2.59E+12,Hawley,216,137.50%,PK - 05,342,343,354,359,376,371,304,283,283,297,282,268,266,269,253,259,259,257,259,258,,-79,-21%,-4%,-39,-10%,-1%,0%,81%
212,a14da830,Hawthorne,MPS Owned,6945 N 41st St,212,212,5.5096E+11,WI-3619-0212,212,1,Northwest,Northwest,53209,43.1441722,-87.963727,,Traditional,No,PK,5,PK - 05,Elementary School,Elementary School,0,0,No,No,No,Yes,N/A,,1965,"37,900",0.076,"$680,278 ",$17.95 ,0,0,2393,2393,1,0.974433276,0.76615654,1,,Yes,No,Yes,Yes,,No,0,0,0,0,0,0,0,0,0,0,0,0,0,0,0,0,0,0,0,0,0,0,0,0,212,a14da830,Hawthorne,307,92.83%,PK - 05,274,259,303,316,287,296,267,243,260,285,286,289,296,293,297,293,294,295,294,294,,-2,-1%,0%,9,3%,0%,33%,84%
217,126fe9d4,Hi-Mount,MPS Owned,4921 W Garfield Ave,217,217,5.5096E+11,WI-3619-0217,217,2,Central,Central,53208,43.0585402,-87.975283,,Traditional,No,PK,8,PK - 08,K-8,Elementary School,4,0,No,No,Yes,Yes,N/A,,1914,"110,971",0.021,"$232,768 ",$2.10 ,1995,6108,0,8103,0,0.002405157,0.744222663,0-25%,,Yes,Yes,Yes,Yes,,No,0,0,0,0,0,0,0,0,0,0,0,0,0,0,0,0,0,0,0,0,0,0,0,0,217,126fe9d4,Hi-Mount,506,28.26%,PK - 08,316,282,254,242,211,198,171,168,149,143,151,151,150,146,138,133,130,125,130,129,,-68,-32%,-7%,-14,-7%,-1%,39%,81%
218,34438f11,Holmes,MPS Owned,2463 N Buffum St,218,218,5.5096E+11,WI-3619-0218,218,5,East,East,53212,43.063409,-87.907298,,Traditional,No,PK,8,PK - 08,K-8,Elementary School,4,1,No,No,Yes,No,N/A,,1966,"83,911",0.049,"$1,498,067 ",$17.85 ,0,0,4038,4038,0,0.009342366,0.894967177,0-25%,,Yes,No,Yes,Yes,,Yes,0,1,0,0,0,0,0,0,0,0,0,1,0,0,2,0,2,0,0,0,0,0,0,2,218,34438f11,Holmes,634,45.58%,PK - 08,314,314,284,310,309,284,289,256,266,289,261,264,269,267,265,269,273,269,270,270,,-20,-6%,-1%,-19,-6%,-1%,12%,84%
220,15c0d5c0,Hopkins Lloyd,MPS Owned,1503 W Hopkins St,220,220,5.5096E+11,WI-3619-0253,253,4,Central,Central,53206,43.0709152,-87.9321172,,Traditional,No,PK,5,PK - 05,Elementary School,Elementary School,7,0,No,Yes,Yes,Yes,N/A,,1894,"87,114",0.11,"$1,982,485 ",$22.76 ,0,0,2781,2781,0,0.003129431,0.963701856,0-25%,,No,No,No,No,,Yes,0,0,0,0,0,0,0,0,0,0,0,1,0,0,1,0,0,0,0,0,0,0,0,0,220,15c0d5c0,Hopkins Lloyd,614,20.85%,PK - 05,253,191,177,179,171,153,132,126,135,128,127,133,129,128,134,130,130,132,131,132,,-43,-25%,-5%,4,2%,0%,18%,79%
223,c58927b4,Humboldt,MPS Owned,3230 S Adams Ave,223,223,5.5096E+11,WI-3619-0223,223,8,East,East,53207,42.9858799,-87.9024593,,Traditional,No,PK,8,PK - 08,K-8,Elementary School,0,1,Yes,No,Yes,Yes,Yes,,1929,"77,700",0.153,"$2,814,112 ",$36.22 ,0,2635,0,2635,0.064262314,0.044164658,0.928261452,0-25%,,Yes,No,No,No,,Yes,0,1,0,0,0,1,0,0,0,0,0,0,0,0,2,0,0,0,2,0,0,0,0,2,223,c58927b4,Humboldt,425,138.59%,PK - 08,612,597,594,587,604,642,576,546,559,589,583,587,599,598,602,596,591,591,587,589,,-15,-2%,0%,0,0%,0%,5%,78%
226,e92e22b9,Milw Sign Language,MPS Owned,7900 W Acacia St,226,226,5.5096E+11,WI-3619-0226,226,1,Northwest,Northwest,53223,43.1381617,-88.0096298,,Traditional,No,PK,8,PK - 08,K-8,Elementary School,2,1,No,No,No,Yes,N/A,,1959,"87,627",0.134,"$2,423,111 ",$27.65 ,7861,0,2862,10723,0.006461396,0.00370361,0.625708599,0-25%,,Yes,No,Yes,Yes,,Yes,0,1,0,0,0,0,0,0,0,0,0,0,0,0,1,0,0,0,0,0,0,0,10,10,226,e92e22b9,Milw Sign Language,624,66.35%,PK - 08,550,535,528,558,593,577,506,436,429,414,388,367,352,343,327,318,311,299,299,296,,-179,-30%,-7%,-118,-20%,-3%,6%,84%
232,20d76d5c,Kagel,MPS Owned,1210 W Mineral St,232,232,5.5096E+11,WI-3619-0232,232,6,Southwest,Southwest,53204,43.0215422,-87.9273137,,Traditional,No,PK,7,PK - 07,K-8,Elementary School,1,4,No,No,Yes,Yes,N/A,,1891,"52,519",<0.01,$ -,$ -,1164,3800,0,4964,0,0.004689138,0.743752414,0-25%,,,No,,Check classroom availability,,Yes,0,1,0,0,0,0,2,0,0,0,0,0,0,0,3,2,0,0,0,0,0,0,0,2,232,20d76d5c,Kagel,280,95.36%,PK - 07,321,290,288,273,263,240,212,211,215,267,290,301,287,292,289,312,310,300,306,310,,4,2%,1%,43,16%,2%,21%,70%
235,7337c5a3,Keefe,MPS Owned,1618 W Keefe Ave,235,235,5.5096E+11,WI-3619-0235,235,4,Central,Central,53206,43.0823289,-87.9315081,,Traditional,No,PK,5,PK - 05,Elementary School,Elementary School,7,1,No,Yes,Yes,Yes,N/A,,1917,"99,300",0.092,"$1,872,119 ",$18.85 ,1871,3850,0,5721,0,0.002861482,0.881524618,0-25%,,Yes,No,,Check classroom availability,,No,0,0,0,0,0,0,0,0,0,0,0,0,0,0,0,0,0,0,0,0,0,0,0,0,235,7337c5a3,Keefe,533,23.83%,PK - 05,201,197,190,179,103,198,184,163,147,127,143,151,161,167,175,179,175,176,177,176,,24,23%,10%,49,48%,3%,26%,80%
237,bcb209b9,Kilbourn,MPS Owned,5354 N 68th St,237,237,5.5096E+11,WI-3619-0237,237,2,Northwest,Northwest,53218,43.1152074,-87.9953971,,Traditional,No,PK,5,PK - 05,Elementary School,Elementary School,2,0,No,No,Yes,Yes,N/A,,1961,"49,651",0.413,"$4,229,010 ",$85.17 ,0,0,2526,2526,0,0.004069458,0.814192236,0-25%,,Yes,No,Yes,Yes,,Yes,0,1,0,0,0,0,0,0,0,0,0,0,0,0,1,0,0,0,2,0,0,0,0,2,237,bcb209b9,Kilbourn,425,60.71%,PK - 05,233,261,251,296,315,289,255,231,230,258,246,244,246,241,240,240,239,240,240,240,,-57,-18%,-4%,-18,-6%,-1%,11%,81%
238,a2b5bf43,LaFollette,MPS Owned,3239 N 9th St,238,238,5.5096E+11,WI-3619-0238,238,3,Central,Central,53206,43.0772728,-87.9228569,,Traditional,No,PK,8,PK - 08,K-8,Elementary School,7,0,No,No,Yes,Yes,N/A,,1898,"73,180",0.002,"$45,620 ",$0.62 ,2490,4650,0,7140,0.012717783,0.00819698,0.828700486,0-25%,,Yes,No,No,No,,No,0,0,0,0,0,0,0,0,0,0,0,0,0,0,0,0,2,0,0,0,0,0,0,2,238,a2b5bf43,LaFollette,452,48.23%,PK - 08,256,223,210,265,265,240,195,185,183,218,218,224,234,235,244,250,254,254,251,252,,-47,-18%,-3%,34,13%,1%,12%,90%
241,a909b094,Lancaster Elementary,MPS Owned,4931 N 68th St,241,241,5.5096E+11,WI-3619-0241,241,2,Northwest,Northwest,53218,43.1077256,-87.9966829,,Traditional,No,PK,8,PK - 08,K-8,Elementary School,2,0,No,No,Yes,NA,N/A,,1956,"59,873",0.002,"$80,384 ",$1.34 ,0,0,2422,2422,0.058643824,0.036335969,0.717236388,0-25%,,Yes,Yes,Yes,Yes,,No,0,0,0,0,0,0,0,0,0,0,0,0,0,0,0,0,4,0,0,0,0,0,0,4,241,a909b094,Lancaster Elementary,560,59.11%,PK - 08,354,258,267,358,319,377,323,296,320,331,340,358,389,404,427,445,453,470,470,478,,12,4%,1%,147,46%,4%,11%,81%
244,f67e777e,Grant Gordon Learning Center,MPS Owned,921 W Meinecke Ave,244,244,5.5096E+11,WI-3619-0115,115,4,Central,Central,53206,43.0619388,-87.9235981,,Traditional,No,PK,KG,PK - KG,Elementary School,Early Childhood,9,2,No,No,Yes,Yes,N/A,,1892,"78,013",0.001,"$235,952 ",$3.02 ,0,4210,0,4210,0.020084802,0.013289737,0.897289315,0-25%,,No,No,No,No,,No,0,0,0,0,0,0,0,0,0,0,0,0,0,0,0,0,0,0,0,0,0,0,0,0,244,f67e777e,Grant Gordon Learning Center,81,56.79%,PK - KG,0,0,0,77,82,81,14,43,35,46,41,41,43,42,42,42,42,42,42,42,,-36,-44%,27%,-4,-5%,-1%,0%,91%
250,29c004fd,Lincoln Ave Elementary,MPS Owned,1817 W Lincoln Ave,250,250,5.5096E+11,WI-3619-0250,250,6,Southwest,Southwest,53215,43.0023219,-87.9360812,,Traditional,No,PK,5,PK - 05,Elementary School,Elementary School,2,3,No,No,Yes,Yes,N/A,,1917,"81,362",0.022,"$427,829 ",$5.26 ,949,0,6440,7389,0.002598238,0.001137792,0.860853452,0-25%,,Yes,No,Yes,Yes,,Yes,0,0,0,0,0,0,2,0,0,0,0,1,0,0,3,0,0,0,0,0,0,0,0,0,250,29c004fd,Lincoln Ave Elementary,506,82.21%,PK - 05,585,551,513,506,503,505,443,435,442,416,428,439,441,452,455,447,448,449,449,449,,-87,-17%,-4%,33,7%,1%,26%,82%
256,d876762b,Longfellow,MPS Owned,1021 S 21st St,256,256,5.5096E+11,WI-3619-0256,256,6,Southwest,Southwest,53204,43.0202149,-87.9399906,,Traditional,No,PK,8,PK - 08,K-8,Elementary School,2,3,Yes,No,Yes,Yes,N,,1886,"99,832",0.068,"$1,406,721 ",$14.09 ,5408,7956,0,13364,0.396287201,0.285139812,0.838640226,25-50%,,Yes,No,,Check classroom availability,,Yes,0,0,0,0,0,0,2,0,0,0,0,1,0,0,3,2,0,0,2,2,0,0,0,6,256,d876762b,Longfellow,681,105.43%,PK - 08,899,912,883,845,866,823,800,739,673,718,680,676,700,701,720,737,745,769,791,808,,-148,-17%,-4%,90,10%,1%,22%,76%
257,9a2b4f59,Lowell,MPS Owned,4360 S 20th St,257,257,5.5096E+11,WI-3619-0257,257,8,Southwest,Southwest,53221,42.9652218,-87.9384588,,Traditional,No,PK,5,PK - 05,Elementary School,Elementary School,0,2,No,No,No,No,Yes,,1960,"28,187",0.329,"$2,196,544 ",$77.93 ,0,0,2556,2556,0.063206836,0.046575022,0.802847105,0-25%,,No,No,No,No,,Yes,0,0,0,0,2,1,0,0,0,0,0,0,0,0,3,0,0,0,0,0,0,0,0,0,257,9a2b4f59,Lowell,145,142.07%,PK - 05,264,255,268,259,249,226,206,208,213,206,198,198,198,196,193,193,193,193,193,193,,-43,-17%,-4%,-13,-5%,-1%,37%,74%
265,0145457e,Manitoba,MPS Owned,4040 W Forest Home Ave,265,265,5.5096E+11,WI-3619-0265,265,7,Southwest,Southwest,53215,42.9915306,-87.9658693,,Traditional,No,PK,8,PK - 08,K-8,Elementary School,0,3,No,No,Yes,No,N/A,,1940,"68,300",0.167,"$2,235,226 ",$32.73 ,1800,2223,0,4023,0,0.003659834,0.892422521,0-25%,,Yes,No,,Check classroom availability,,Yes,0,0,0,0,0,1,0,0,0,0,0,0,0,0,1,0,0,0,0,2,4,0,0,6,265,0145457e,Manitoba,462,96.32%,PK - 08,503,505,588,545,521,455,430,446,440,445,425,417,420,416,414,416,413,418,415,414,,-76,-15%,-3%,-31,-6%,-1%,15%,77%
267,9f89a939,Maple Tree,MPS Owned,6644 N 107th St,267,267,5.5096E+11,WI-3619-0267,267,1,Northwest,Northwest,53224,43.1387582,-88.0443321,,Traditional,No,PK,5,PK - 05,Elementary School,Elementary School,0,0,No,No,No,No,N/A,,1955,"52,200",0.037,"$454,062 ",$8.70 ,0,0,4697,4697,0.036411784,0.026886132,0.695974321,0-25%,,Yes,No,Yes,Yes,,No,0,0,0,0,0,0,0,0,0,0,0,0,0,0,0,0,0,0,0,0,0,0,0,0,267,9f89a939,Maple Tree,361,73.13%,PK - 05,295,296,283,276,291,246,236,247,231,264,255,254,264,266,268,271,276,280,282,283,,-27,-9%,-1%,19,7%,1%,20%,73%
268,f8c07d61,Maryland Montessori,MPS Owned,2418 N Maryland Ave,268,268,5.5096E+11,WI-3619-0268,268,5,East,East,53211,43.0619536,-87.8824279,,Traditional,No,PK,8,PK - 08,K-8,Elementary School,0,0,No,No,No,Yes,Yes,,1887,"47,345",0.014,"$205,345 ",$4.34 ,0,323,2430,2753,0,0,0.822770655,0-25%,,Yes,Yes,Yes,Yes,,Yes,0,0,0,0,0,0,0,0,0,0,0,0,2,0,2,0,0,0,0,0,0,0,0,0,268,f8c07d61,Maryland Montessori,334,154.19%,PK - 08,397,400,433,452,456,492,495,482,501,515,518,518,519,518,519,521,518,517,515,513,,59,13%,3%,-2,0%,0%,0%,22%
269,3dd5323c,Bethune,MPS Owned,1535 N 35th St,269,356,5.5096E+11,WI-3619-0356,356,4,Central,Central,53208,43.0508454,-87.9582527,,Traditional,No,PK,8,PK - 08,K-8,Elementary School,4,1,Yes,No,Yes,Yes,Yes,,2005,"69,858",<0.01,$ -,$ -,2535,3931,0,6466,1,1,0.862192884,1,,Yes,No,Yes,Yes,,Yes,0,0,0,0,0,1,0,0,0,0,0,0,0,0,1,0,0,4,0,0,0,0,0,4,269,3dd5323c,Bethune,425,123.53%,PK - 08,467,487,528,562,602,602,610,604,549,525,513,503,491,486,482,478,475,476,475,470,,-77,-13%,-3%,-55,-9%,-1%,28%,77%
270,73c89817,Metcalfe,MPS Owned,3400 W North Ave,270,270,5.5096E+11,WI-3619-0525,525,4,Central,Central,53208,43.0607794,-87.956358,,Traditional,No,PK,8,PK - 08,K-8,Elementary School,7,1,No,No,Yes,Yes,N/A,,2000,"69,847",0.014,$ -,$ -,2607,6976,0,9583,1,1,0.750405631,1,,Yes,Yes,Yes,Yes,,No,0,0,0,0,0,0,0,0,0,0,0,0,0,0,0,0,4,0,0,0,0,0,0,4,270,73c89817,Metcalfe,479,71.40%,PK - 08,314,302,278,286,286,346,295,326,334,342,358,370,394,408,421,425,427,427,431,430,,56,20%,4%,88,31%,2%,14%,86%
274,ace2f40e,Mitchell,MPS Owned,1728 S 23rd St,274,273,5.5096E+11,WI-3619-0274,274,6,Southwest,Southwest,53204,43.0117603,-87.9418394,,Traditional,No,PK,8,PK - 08,K-8,Elementary School,2,4,Yes,No,Yes,Yes,Yes,,1894,"93,256",0.051,"$872,528 ",$9.36 ,2276,3775,0,6051,0.098433735,0.078013151,0.923826524,0-25%,,Yes,No,No,No,,Yes,0,0,0,0,0,0,2,0,0,0,0,1,0,0,3,0,4,0,0,0,0,0,0,4,274,ace2f40e,Mitchell,587,104.43%,PK - 08,725,766,689,663,680,673,657,586,589,613,603,608,612,618,635,642,654,669,679,695,,-67,-10%,-2%,82,12%,1%,21%,79%
277,33d92403,Morgandale,MPS Owned,3635 S 17th St,277,277,5.5096E+11,WI-3619-0277,277,8,Southwest,Southwest,53221,42.9785395,-87.9357015,,Traditional,No,PK,8,PK - 08,K-8,Elementary School,0,3,Yes,No,Yes,Yes,Yes,,1932,"84,050",0.028,"$583,443 ",$6.94 ,0,0,2763,2763,0.02244313,0.013799569,0.912571482,0-25%,,Yes,No,,Check classroom availability,,Yes,0,0,0,0,0,1,0,0,0,0,0,0,0,0,1,0,0,2,0,0,0,0,0,2,277,33d92403,Morgandale,425,136.00%,PK - 08,566,576,568,589,577,590,536,510,530,578,587,592,601,614,612,609,606,590,588,584,,1,0%,0%,6,1%,0%,13%,72%
283,8888cbbb,Neeskara,MPS Owned,1601 N Hawley Rd,283,283,5.5096E+11,WI-3619-0283,283,2,Central,Central,53208,43.0521033,-87.9832983,,Traditional,No,PK,5,PK - 05,Elementary School,Elementary School,1,1,No,No,Yes,Yes,N/A,,1926,"75,280",0.051,"$908,628 ",$12.07 ,0,0,2629,2629,0.057194007,0.024400375,0.854441913,0-25%,,No,No,Yes,No,,No,0,0,0,0,0,0,0,0,0,0,0,0,0,0,0,0,0,0,0,0,0,0,10,10,283,8888cbbb,Neeskara,418,88.76%,PK - 05,390,370,358,370,386,381,341,307,340,371,365,358,356,369,365,360,364,363,362,363,,-15,-4%,0%,-8,-2%,0%,10%,80%
289,fa1d6e56,Ninety-Fifth,MPS Owned,3707 N 94th St,289,289,5.5096E+11,WI-3619-0289,289,2,Northwest,Northwest,53222,43.0846063,-88.0305738,,Traditional,No,PK,5,PK - 05,Elementary School,Elementary School,0,0,Yes,No,Yes,No,Yes,,1953,"49,049",0.035,"$411,042 ",$8.38 ,0,3160,0,3160,0.121843069,0.082421718,0.835708551,0-25%,,No,No,No,No,,No,0,0,0,0,0,0,0,0,0,0,0,0,0,0,0,0,0,0,0,0,0,0,0,0,289,fa1d6e56,Ninety-Fifth,253,167.59%,PK - 05,387,393,389,409,409,437,417,403,414,424,421,427,438,440,440,438,438,439,438,439,,15,4%,1%,15,4%,0%,20%,64%
295,b62de993,Zablocki,MPS Owned,1016 W Oklahoma Ave,295,295,5.5096E+11,WI-3619-0295,295,8,Southwest,Southwest,53215,42.989069,-87.9256843,,Traditional,No,PK,5,PK - 05,Elementary School,Elementary School,0,1,No,No,Yes,Yes,N/A,,1914,"90,400",0.061,"$1,332,895 ",$14.74 ,1693,5423,0,7116,0.059447308,0.036881551,0.945198918,0-25%,,Yes,No,Yes,Yes,,Yes,0,0,0,0,0,1,0,0,0,0,0,1,0,0,2,0,2,0,2,0,0,0,0,4,295,b62de993,Zablocki,516,57.17%,PK - 05,473,477,419,384,330,340,290,285,308,295,291,290,280,268,269,271,270,270,270,270,,-35,-11%,-2%,-25,-8%,-1%,30%,80%
298,3d872873,Carver,MPS Owned,1900 N 1st St,298,102,5.5096E+11,WI-3619-0178,178,5,East,East,53212,43.055794,-87.9108782,,Traditional,No,PK,8,PK - 08,K-8,Elementary School,4,2,No,No,Yes,Yes,N/A,,1958,"74,877",<0.01,$ -,$ -,0,2400,0,2400,0.052086319,0.043944655,0.766854952,0-25%,,Yes,No,,Check classroom availability,,Yes,0,1,0,0,0,0,0,0,0,0,0,0,0,0,1,0,0,0,0,0,0,0,0,0,298,3d872873,Carver,614,48.37%,PK - 08,447,429,436,415,407,486,409,326,351,297,280,282,295,298,306,303,305,312,318,325,,-110,-27%,-5%,28,7%,1%,3%,85%
301,b20e7a3c,Parkview,MPS Owned,10825 W Villard Ave,301,301,5.5096E+11,WI-3619-0301,301,1,Northwest,Northwest,53225,43.1113029,-88.0478035,,Traditional,No,PK,5,PK - 05,Elementary School,Elementary School,0,0,No,No,No,Yes,N/A,,1956,"34,400",0.48,"$3,909,650 ",$113.65 ,0,0,2680,2680,0,0.003432524,0.635967576,0-25%,,Yes,No,No,No,,Yes,0,0,0,0,0,1,0,0,0,0,0,0,0,0,1,0,0,0,0,0,0,0,0,0,301,b20e7a3c,Parkview,334,100.30%,PK - 05,437,432,459,424,394,386,381,316,312,335,330,325,328,313,321,320,320,320,320,320,,-59,-15%,-3%,-15,-4%,0%,23%,73%
307,36fca812,Riverwest,MPS Owned,2765 N Fratney St,307,307,5.5096E+11,WI-3619-0307,307,5,East,East,53212,43.0689808,-87.9022942,,Traditional,No,PK,5,PK - 05,Elementary School,Elementary School,3,1,No,Yes,Yes,No,N/A,,1957,"62,015",0.021,"$303,741 ",$4.90 ,0,0,2412,2412,0.019386875,0.013058282,0.887802924,0-25%,,Yes,No,Yes,Yes,,No,0,0,0,0,0,0,0,0,0,0,0,0,0,0,0,0,0,0,0,0,0,0,0,0,307,36fca812,Riverwest,506,54.35%,PK - 05,447,434,424,355,349,340,321,263,258,275,253,241,232,233,234,234,235,239,241,242,,-74,-21%,-4%,-33,-10%,-1%,12%,84%
309,89e6c49e,Carson,MPS Owned,4920 W Capitol Dr,309,309,5.5096E+11,WI-3619-0108,108,3,Northwest,Northwest,53216,43.0906786,-87.975283,,Traditional,No,PK,8,PK - 08,K-8,Elementary School,2,0,No,No,Yes,No,N/A,,1970,"69,391",0.112,"$1,846,744 ",$26.61 ,0,0,2426,2426,0,0.003885503,0.657120028,0-25%,,Yes,Yes,Yes,Yes,,No,0,0,0,0,0,0,0,0,0,0,0,0,0,0,0,0,2,0,0,0,0,0,0,2,309,89e6c49e,Carson,479,69.31%,PK - 08,485,427,447,483,467,458,413,359,350,332,329,323,324,316,309,304,303,303,303,302,,-135,-29%,-6%,-30,-6%,-1%,11%,74%
312,27aafe34,Starms Discovery,MPS Owned,2035 N 25th St,312,312,5.5096E+11,WI-3619-0312,312,4,Central,Central,53205,43.057031,-87.9458108,,Traditional,No,1,8,8-Jan,K-8,Elementary School,7,2,No,No,Yes,Yes,N/A,,1991,"73,556",0.3,"$4,423,459 ",$60.14 ,2557,2782,0,5339,1,1,0.943223066,1,,Yes,No,Yes,Yes,,No,0,0,0,0,0,0,0,0,0,0,0,0,0,0,0,0,4,0,0,0,0,0,0,4,312,27aafe34,Starms Discovery,577,39.86%,8-Jan,436,400,311,347,320,282,287,288,238,230,225,223,226,223,219,221,221,220,221,221,,-90,-28%,-6%,-9,-3%,0%,0%,96%
313,bcdcd09b,Riley Montessori,MPS Owned,2424 S 4th St,313,313,5.5096E+11,WI-3619-0313,313,6,Southwest,Southwest,53207,43.0010234,-87.9149425,,Traditional,No,PK,5,PK - 05,Elementary School,Elementary School,0,0,No,No,Yes,Yes,N/A,,1916,"84,300",0,$ -,$ -,1056,4139,0,5195,0.078999189,0.057203248,0.769023016,0-25%,,Yes,No,Yes,Yes,,Yes,0,0,0,0,0,0,2,0,0,0,0,0,2,0,4,0,0,0,0,0,0,0,0,0,313,bcdcd09b,Riley Montessori,506,52.37%,PK - 05,565,535,476,498,477,407,360,311,296,265,276,275,273,275,274,275,275,275,275,275,,-212,-44%,-11%,10,2%,0%,12%,62%
316,6d06e0ec,AAL,MPS Owned,3727 S 78th St,316,316,5.5096E+11,WI-3619-0316,316,7,Southwest,Southwest,53220,42.9768325,-88.0109051,,Non-Instrumentality,No,PK,5,PK - 05,Elementary School,Elementary School,0,2,Yes,No,Yes,Yes,Yes,,1957,"51,216",0.025,"$304,854 ",$5.95 ,0,0,2720,2720,0.08944512,0.067791269,0.960106718,0-25%,,Yes,No,,Check classroom availability,,Yes,0,0,0,0,2,1,0,0,0,0,0,0,0,0,3,4,0,0,0,2,0,0,0,6,316,6d06e0ec,AAL,479,112.32%,PK - 05,621,642,637,625,627,703,595,581,563,538,547,547,533,533,536,537,537,537,537,537,,-89,-14%,-3%,-1,0%,0%,31%,71%
318,95ee7ae5,Rogers,MPS Owned,2430 W Rogers St,318,318,5.5096E+11,WI-3619-0177,177,6,Southwest,Southwest,53204,43.0089169,-87.9447387,,Traditional,No,PK,8,PK - 08,K-8,Elementary School,2,4,Yes,No,Yes,Yes,N,,2005,"54,346",0.03,"$307,022 ",$5.65 ,2484,0,0,2484,1,0.851395569,0.851395569,1,,Yes,No,Yes,Yes,,Yes,0,1,0,0,0,0,2,0,0,0,0,0,0,0,3,0,2,0,0,0,0,0,0,2,318,95ee7ae5,Rogers,479,119.00%,PK - 08,679,664,643,643,657,643,590,580,529,570,566,558,549,551,542,529,525,506,512,511,,-87,-13%,-3%,-59,-9%,-1%,19%,80%
319,2df6b103,Sherman Arts,MPS Owned,5110 W Locust St,319,319,5.5096E+11,WI-3619-0319,319,3,Central,Central,53210,43.0722362,-87.9780127,,Traditional,No,PK,8,PK - 08,K-8,Elementary School,2,0,No,No,Yes,Yes,N/A,,1925,"112,478",0.061,"$1,388,655 ",$12.35 ,2547,2547,0,5094,0,0.003910203,0.905366238,0-25%,,Yes,No,Yes,Yes,,No,0,0,0,0,0,0,0,0,0,0,0,0,0,0,0,0,2,0,0,0,0,0,0,2,319,2df6b103,Sherman Arts,705,34.33%,PK - 08,361,384,324,342,356,314,251,285,281,242,234,227,222,213,209,208,211,212,213,213,,-114,-32%,-7%,-29,-8%,-1%,29%,76%
322,fd3417dd,Siefert,MPS Owned,1547 N 14th St,322,322,5.5096E+11,WI-3619-0107,107,4,East,Central,53205,43.0509902,-87.9303396,,Traditional,No,PK,5,PK - 05,Elementary School,Elementary School,4,3,No,Yes,Yes,No,N/A,,1903,"77,265",0,$ -,$ -,2629,4028,0,6657,0.009329251,0.009819658,0.896216914,0-25%,,Yes,No,Yes,Yes,,Yes,0,1,0,0,0,0,0,0,0,0,0,0,0,0,1,0,0,0,0,0,0,0,0,0,322,fd3417dd,Siefert,641,33.70%,PK - 05,296,297,266,285,319,302,283,261,234,216,217,215,212,208,206,211,210,209,210,209,,-103,-32%,-7%,-7,-2%,0%,15%,85%
325,7afae9d8,Marvin Pratt,MPS Owned,5131 N Green Bay Ave,325,325,5.5096E+11,WI-3619-0325,325,3,Central,Central,53209,43.1107659,-87.9334037,,Traditional,No,PK,5,PK - 05,Elementary School,Elementary School,1,0,No,No,Yes,Yes,N,,1971,"47,156",0.11,"$10,120 ",$0.21 ,0,0,3105,3105,0.03025863,0.021502773,0.984066639,0-25%,,Yes,No,Yes,Yes,,Yes,0,0,0,0,2,0,0,0,0,0,0,0,0,0,2,0,0,0,0,0,0,0,0,0,325,7afae9d8,Marvin Pratt,280,110.36%,PK - 05,290,290,263,276,292,286,280,300,316,309,305,307,311,314,314,311,312,312,312,312,,17,6%,1%,3,1%,0%,30%,80%
331,18e1f4d0,Milw Environmental Sciences - Leased,Leased Out,6600 W Melvina St,331,615,5.5096E+11,WI-3619-0118,118,2,Contracted,Northwest,53216,43.0887106,-87.994831,,Non-Instrumentality,Yes,PK,8,PK - 08,K-8,Non Instrumentality,1,0,No,No,Yes,Yes,N/A,,1956,"54,776",0.197,"$2,226,960 ",$40.66 ,NA,NA,NA,0,NA,NA,NA,NA,,Not found,Not found,Not found,No,,No,0,0,0,0,0,0,0,0,0,0,0,0,0,0,0,0,0,0,0,0,0,0,0,0,331,18e1f4d0,Milw Environmental Sciences - Leased,479,61.59%,PK - 08,217,310,389,405,414,417,343,333,299,295,279,264,256,255,248,253,254,257,256,258,,-119,-29%,-6%,-37,-9%,-1%,N/A,56%
334,83a1d775,Honey Creek,MPS Owned,6701 W Eden Pl,334,334,5.5096E+11,WI-3619-0334,334,7,Southwest,Southwest,53220,42.9793202,-87.9969345,,Instrumentality,Yes,PK,5,PK - 05,Elementary School,Elementary School,0,2,Yes,No,Yes,Yes,Yes,,1954,"44,192",0.113,"$1,187,313 ",$26.87 ,0,0,2835,2835,0.30881616,0.198616552,0.954728021,25-50%,,,No,No,Check classroom availability,,No,0,0,0,0,0,0,0,0,0,0,0,0,0,0,0,0,0,2,0,2,0,0,0,4,334,83a1d775,Honey Creek,280,126.43%,PK - 05,395,394,391,403,417,413,373,355,374,354,352,357,354,353,355,355,355,355,355,355,,-63,-15%,-3%,1,0%,0%,18%,79%
337,2870dc28,Kluge,MPS Owned,5760 N 67th St,337,337,5.5096E+11,WI-3619-0337,337,1,Northwest,Northwest,53218,43.1225788,-87.9937462,,Traditional,No,PK,5,PK - 05,Elementary School,Elementary School,1,0,No,No,Yes,Yes,N/A,,1953,"121,720",0.034,"$982,236 ",$8.07 ,1770,2407,0,4177,0.013596923,0.013041021,0.747279498,0-25%,,Yes,No,Yes,Yes,,Yes,0,0,0,0,0,0,0,0,0,0,0,0,0,2,2,0,0,0,2,2,2,0,0,6,337,2870dc28,Kluge,617,55.75%,PK - 05,308,327,294,296,323,390,341,342,325,344,353,368,373,373,374,371,372,372,372,372,,21,7%,2%,28,9%,1%,20%,77%
343,f4d02159,Story,MPS Owned,3815 W Kilbourn Ave,343,343,5.5096E+11,WI-3619-0343,343,4,Central,Central,53208,43.0414005,-87.9617708,,Traditional,No,PK,8,PK - 08,K-8,Elementary School,1,1,No,No,Yes,No,N/A,,1935,"60,660",0.171,"$2,659,930 ",$43.85 ,0,0,2614,2614,0.089013035,0.059950974,0.876778166,0-25%,,Yes,No,Yes,Yes,,Yes,0,0,0,0,0,1,0,0,0,0,0,0,0,0,1,0,0,0,2,0,0,0,0,2,343,f4d02159,Story,388,99.23%,PK - 08,427,415,396,421,437,412,390,399,359,385,380,386,388,395,402,402,401,400,394,391,,-52,-12%,-2%,6,1%,0%,12%,80%
344,1739a67f,Stuart,MPS Owned,7001 N 86th St,344,344,5.5096E+11,WI-3619-0344,344,1,Northwest,Northwest,53224,43.1453695,-88.0187235,,Traditional,No,PK,5,PK - 05,Elementary School,Elementary School,3,0,No,Yes,Yes,No,Yes,,1967,"35,739",0.191,"$1,810,785 ",$50.67 ,0,0,2233,2233,0,0.004229143,0.940141366,0-25%,,Yes,No,No,No,,Yes,0,0,0,0,2,0,0,0,0,0,0,0,0,0,2,0,0,0,0,0,0,0,0,0,344,1739a67f,Stuart,280,105.36%,PK - 05,340,331,301,308,320,306,279,262,256,295,291,294,297,310,305,304,308,306,306,306,,-25,-8%,-1%,11,4%,0%,20%,72%
167,6603f1b4,Assata - Shared/Leased,MPS Owned,3517 W Courtland Ave,350,418,5.5096E+11,WI-3619-1063,1063,3,Contracted,Central,53209,43.1021047,-87.9571629,,Partnership,No,9,12,12-Sep,High School,Alternative,2,0,No,No,Yes,Yes,N/A,,1906,-,0.057,"$800,807 ",$ -,1797,3389,0,5186,0.031765144,0.020747633,0.761770465,0-25%,,Yes,Yes,No,No,,No,0,0,0,0,0,0,0,0,0,0,0,0,0,0,0,0,0,0,0,0,0,0,0,0,350,6603f1b4,Assata - Shared/Leased,0,NA,12-Sep,122,120,108,113,95,92,102,95,112,116,128,122,128,126,128,127,127,128,127,127,,21,22%,4%,11,12%,1%,N/A,83%
170,34b8eb75,Banner Preparatory School of Milwaukee,Leased Out,3517 W Courtland Ave,350,427,5.5096E+11,WI-3619-0432,432,3,Contracted,Central,53209,43.1034783,-87.9571629,,Partnership,No,9,12,12-Sep,High School,Alternative,2,0,No,No,Yes,NA,N/A,,1906,-,0.057,"$800,807 ",$ -,1797,3389,0,5186,0.031765144,0.020747633,0.761770465,0-25%,,Not found,Not found,Not found,No,,No,0,0,0,0,0,0,0,0,0,0,0,0,0,0,0,0,0,0,0,0,0,0,0,0,350,34b8eb75,Banner Preparatory School of Milwaukee,NA,NA,12-Sep,60,64,51,62,58,60,35,32,46,44,45,46,46,45,46,46,46,46,46,46,,-14,-24%,-1%,2,3%,0%,N/A,84%
53,bc2dfc8f,Westside,MPS Owned,1940 N 36th St,353,370,5.5096E+11,WI-3619-0130,130,4,Central,Central,53208,43.056384,-87.9581762,,Traditional,No,PK,5,PK - 05,Elementary School,Elementary School,6,1,No,No,Yes,No,N/A,,1895,"72,933",0.003,"$150,315 ",$2.06 ,2000,2884,0,4884,0,0.003556125,0.795113885,0-25%,,Yes,No,Yes,Yes,,Yes,0,0,0,0,0,0,0,0,0,0,0,1,0,0,1,0,0,0,0,0,0,0,0,0,353,bc2dfc8f,Westside,425,36.94%,PK - 05,323,298,289,285,214,220,196,173,175,157,157,161,165,172,178,180,185,187,187,187,,-57,-27%,-6%,30,14%,2%,15%,83%
350,132d827c,Thoreau,MPS Owned,7878 N 60th St,360,360,5.5096E+11,WI-3619-0360,360,1,Northwest,Northwest,53223,43.1592858,-87.9861518,,Traditional,No,PK,8,PK - 08,K-8,Elementary School,0,0,No,No,No,Yes,N/A,,1971,"83,683",0.154,"$2,814,895 ",$33.64 ,4324,3328,0,7652,0.012054472,0.010380086,0.909540935,0-25%,,Yes,Yes,Yes,Yes,,No,0,0,0,0,0,0,0,0,0,0,0,0,0,0,0,0,4,0,0,0,0,0,0,4,360,132d827c,Thoreau,533,66.98%,PK - 08,488,503,448,449,471,432,415,339,352,357,330,322,326,325,319,333,340,338,341,346,,-114,-24%,-5%,-11,-2%,0%,26%,73%
176,3bc4e6d0,Bay View Montessori - Lower,MPS Owned,357 E Howard Ave,362,105,5.5096E+11,WI-3619-0112,NA,8,East,East,53207,42.9734846,-87.9060882,,Traditional,No,PK,KG,PK - KG,K-8,Elementary School,0,2,Yes,No,Yes,Yes,N,,1936,"37,732",0.038,"$338,478 ",$8.97 ,1880,2282,0,4162,NA,NA,NA,NA,,No,No,No,No,,No,NA,NA,NA,NA,NA,NA,NA,NA,NA,NA,NA,NA,NA,NA,0,NA,NA,NA,NA,NA,NA,NA,NA,0,362,3bc4e6d0,Bay View Montessori - Lower,118,151.69%,PK - KG,142,135,129,132,132,156,183,175,169,179,174,178,184,185,184,184,184,184,184,184,,47,36%,7%,5,4%,0%,0%,29%
154,5cc8f325,Townsend,MPS Owned,3360 N Sherman Blvd,365,365,5.5096E+11,WI-3619-0365,365,3,"Citywide (K8, MS)",Central,53216,43.0804441,-87.9664816,,Traditional,No,PK,8,PK - 08,K-8,Elementary School,1,0,No,No,Yes,Yes,N/A,,1928,"71,349",0.253,"$4,272,366 ",$59.88 ,1380,2635,0,4015,0,0.017047339,0.907234391,0-25%,,Yes,No,No,No,,No,0,0,0,0,0,0,0,0,0,0,0,0,0,0,0,0,4,0,0,0,0,0,0,4,365,5cc8f325,Townsend,398,75.13%,PK - 08,325,311,295,333,320,351,322,300,280,299,303,311,318,325,320,317,308,303,306,304,,-21,-7%,-1%,5,2%,0%,17%,85%
55,b4454ffb,Trowbridge,MPS Owned,1943 E Trowbridge St,368,368,5.5096E+11,WI-3619-0368,368,8,East,East,53207,42.9919303,-87.8852378,,Traditional,No,PK,8,PK - 08,K-8,Elementary School,0,2,No,No,Yes,Yes,N/A,,1894,"52,623",0.141,"$1,470,010 ",$27.93 ,1297,2176,0,3473,0.04868634,0.035326183,0.924775075,0-25%,,Yes,Yes,,Check classroom availability,,No,0,0,0,0,0,0,0,0,0,0,0,0,0,0,0,0,0,2,0,0,0,0,0,2,368,b4454ffb,Trowbridge,307,76.87%,PK - 08,271,258,264,261,248,236,208,200,209,236,253,254,253,260,266,265,280,280,268,273,,-12,-5%,-1%,37,15%,2%,11%,77%
51,a8b6339d,Transition HS,MPS Owned,1940 N 36th St,370,88,5.5096E+11,WI-3619-0433,433,4,High School,Central,53208,43.0556972,-87.9581762,,Traditional,No,9,12,12-Sep,High School,Alternative,6,1,No,No,Yes,Yes,N/A,,1926,"46,690",0.031,"$605,776 ",$12.97 ,3323,3934,0,7257,0.091098259,0.08565558,No Data,0-25%,,No,Yes,No,No,,Yes,0,0,0,0,0,0,0,0,0,0,0.2,0,0,0,0.2,0,0,0,0,0,0,0,0,0,370,a8b6339d,Transition HS,235,37.45%,12-Sep,167,162,156,183,165,169,99,101,67,88,96,98,97,92,93,94,93,93,93,93,,-77,-47%,-8%,5,3%,1%,0%,79%
61,ebb631e2,Jackson,MPS Owned,2121 W Hadley St,377,377,5.5096E+11,WI-3619-0377,377,4,Central,Central,53206,43.0691223,-87.9394731,,Traditional,No,PK,5,PK - 05,Elementary School,Elementary School,7,0,No,No,Yes,No,N/A,,1978,"77,715",0.01,"$629,523 ",$8.10 ,3301,2867,0,6168,1,1,0.877484366,1,,Yes,No,Yes,Yes,,No,0,0,0,0,0,0,0,0,0,0,0,0,0,0,0,0,0,0,2,0,0,0,0,2,377,ebb631e2,Jackson,560,38.57%,PK - 05,329,329,306,292,308,297,247,245,240,216,212,213,212,214,218,214,215,216,215,215,,-92,-30%,-7%,-1,0%,0%,7%,84%
235,49d425a8,Milw Excellence Academy (McNair) - Leased,Closed,4950 N 24th St,380,380,5.5096E+11,WI-3619-0885,NA,3,Contracted,Central,53209,43.1077389,-87.940526,,Non-Instrumentality,Yes,6,12,12-Jun,High School,High School,2,1,No,No,No,Yes,N/A,,1953,"64,255",0.166,"$2,672,612 ",$41.59 ,NA,NA,NA,0,NA,NA,NA,NA,,Not found,Not found,Not found,No,,No,NA,NA,NA,NA,NA,NA,NA,NA,NA,NA,NA,NA,NA,NA,0,NA,NA,NA,NA,NA,NA,NA,NA,0,380,49d425a8,Milw Excellence Academy (McNair) - Leased,547,49.18%,12-Jun,0,0,87,239,325,434,509,591,544,269,241,196,189,186,184,186,191,188,188,189,,-56,-17%,2%,-80,-25%,-3%,N/A,64%
24,6912483a,Groppi HS,MPS Owned,1312 N 27th St,383,19,5.5096E+11,WI-3619-0236,236,4,High School,Central,53208,43.0476622,-87.9472032,,Traditional,No,9,12,12-Sep,High School,Alternative,5,2,No,No,Yes,Yes,N/A,,1893,"72,392",0.112,"$1,355,135 ",$18.72 ,1828,2334,0,4162,1,1,No Data,1,,Yes,Yes,Yes,Yes,,Yes,0,0,0,0,0,0,0,0,0,0,0.2,0,0,0,0.2,0,0,0,0,0,0,0,0,0,383,6912483a,Groppi HS,269,37.92%,12-Sep,248,228,191,140,92,135,105,90,68,102,169,243,268,216,231,238,229,233,233,231,,10,11%,7%,129,141%,11%,0%,79%
62,60c92bfa,Victory K8/ Italian Imm,MPS Owned,2222 W Henry Ave,387,387,5.5096E+11,WI-3619-0387,387,8,East,East,53221,42.9367296,-87.9427476,,Traditional,No,PK,8,PK - 08,K-8,Elementary School,0,2,No,No,Yes,Yes,N/A,,1961,"55,879",0.181,"$2,398,128 ",$42.92 ,0,0,2562,2562,1,0.998057475,0.988645239,1,,Yes,No,Yes,Yes,,Yes,0,0,0,0,0,1,0,2,0,0,0,0,0,0,3,0,0,0,0,0,0,0,0,0,387,60c92bfa,Victory K8/ Italian Imm,479,87.89%,PK - 08,572,549,570,553,554,568,520,485,437,421,390,382,376,363,359,344,347,341,343,343,,-133,-24%,-5%,-78,-14%,-2%,13%,83%
365,16b5e29d,Vieau,MPS Owned,823 S 4th St,390,390,5.5096E+11,WI-3619-0390,390,6,Southwest,Southwest,53204,43.022853,-87.9158976,,Traditional,No,PK,8,PK - 08,K-8,Elementary School,1,1,Yes,No,Yes,Yes,Yes,,1894,"84,434",0.045,"$828,699 ",$9.81 ,3082,3693,0,6775,0.104584202,0.079401819,0.915016908,0-25%,,No,No,No,No,,Yes,0,1,0,0,0,0,2,0,0,0,0,0,0,0,3,0,0,0,0,0,0,0,0,0,390,16b5e29d,Vieau,560,122.14%,PK - 08,733,735,732,733,739,745,708,653,615,684,666,656,649,644,636,629,625,620,614,618,,-55,-7%,-1%,-66,-9%,-1%,5%,71%
208,1c4690a5,Whitman,MPS Owned,4200 S 54th St,397,397,5.5096E+11,WI-3619-0397,397,7,Southwest,Southwest,53220,42.9684302,-87.9822463,,Traditional,No,PK,8,PK - 08,K-8,Elementary School,0,0,No,No,No,No,N/A,,1959,"44,257",0.251,"$2,314,067 ",$52.29 ,0,0,2400,2400,0.01461327,0.01588642,0.952287961,0-25%,,Yes,Yes,,Check classroom availability,,No,0,0,0,0,0,0,0,0,0,0,0,0,0,0,0,0,0,4,0,2,0,0,0,6,397,1c4690a5,Whitman,388,85.31%,PK - 08,341,382,414,412,412,417,360,323,319,331,310,299,275,265,269,263,271,267,265,267,,-81,-20%,-4%,-64,-16%,-2%,14%,70%
217,21246c58,Whittier,MPS Owned,4382 S 3rd St,398,398,5.5096E+11,WI-3619-0398,398,8,East,East,53207,42.9655199,-87.9039786,,Instrumentality,Yes,PK,5,PK - 05,Elementary School,Elementary School,0,1,Yes,No,Yes,Yes,Yes,,1959,"18,396",0.37,"$1,391,413 ",$75.64 ,0,0,905,905,0,0.005798629,0.941618345,0-25%,,No,No,No,No,,No,0,0,0,0,0,0,0,0,0,0,0,0,0,0,0,0,0,0,0,0,0,0,0,0,398,21246c58,Whittier,81,175.31%,PK - 05,204,213,218,220,213,217,193,152,143,142,146,143,141,140,139,139,139,139,139,139,,-71,-33%,-7%,-3,-2%,0%,24%,47%
125,9408377d,Garland,MPS Owned,3120 W Green Ave,399,191,5.5096E+11,WI-3619-0191,191,8,East,East,53221,42.9403079,-87.9537357,,Traditional,No,PK,8,PK - 08,K-8,Elementary School,0,1,No,No,Yes,No,N/A,,1959,"81,263",0.104,"$1,284,630 ",$15.81 ,2560,7562,0,10122,0.519352035,0.432461351,0.838928779,50-75%,,Yes,Yes,Yes,Yes,,Yes,0,1,0,0,0,1,0,0,0,0,0,0,0,0,2,0,2,0,0,0,0,0,0,2,399,9408377d,Garland,651,82.33%,PK - 08,508,504,556,569,630,593,581,530,564,536,533,510,488,486,467,465,448,437,431,423,,-94,-15%,-3%,-113,-18%,-2%,12%,81%
